flow,K,sample,error
uniform,1,0,1.1028936341509272
uniform,1,1,1.3293243956562009
uniform,1,2,1.0920965199501893
uniform,1,3,1.1681503798522783
uniform,1,4,1.4057385391149353
uniform,1,5,1.2103595152673208
uniform,1,6,1.1478201105976638
uniform,1,7,1.1342877985940394
uniform,1,8,1.1974638080553177
uniform,1,9,0.9837138286663958
uniform,1,10,0.6717114922924949
uniform,1,11,1.1237430840844524
uniform,1,12,0.7435947509047907
uniform,1,13,0.64271193692921
uniform,1,14,0.9606420021831212
uniform,1,15,1.1054174019365703
uniform,1,16,1.095513625578775
uniform,1,17,0.9509501321455645
uniform,1,18,1.0132534515074383
uniform,1,19,0.7901275878909644
uniform,2,0,0.6633491997586916
uniform,2,1,0.7628420923989232
uniform,2,2,0.7981991896353247
uniform,2,3,0.5628306024603091
uniform,2,4,0.2693466351046485
uniform,2,5,0.6605965160909761
uniform,2,6,0.4565207228668555
uniform,2,7,1.299301287154364
uniform,2,8,0.5530596824840472
uniform,2,9,1.0254037510074454
uniform,2,10,0.5352678587615429
uniform,2,11,1.135943710785
uniform,2,12,0.38673267736808725
uniform,2,13,0.6427352293330983
uniform,2,14,0.7032453937907022
uniform,2,15,0.5401144634451072
uniform,2,16,0.4564725563292811
uniform,2,17,0.620738717815521
uniform,2,18,0.736015305844461
uniform,2,19,0.5541357034141612
uniform,4,0,0.3025233171150248
uniform,4,1,0.040023301605200956
uniform,4,2,0.39464199427026614
uniform,4,3,0.32129385480065054
uniform,4,4,0.26068409927037806
uniform,4,5,1.1595729335952285
uniform,4,6,0.27788893480564525
uniform,4,7,0.38376871113211664
uniform,4,8,0.32656770195580975
uniform,4,9,0.174942498486109
uniform,4,10,0.22973131739503572
uniform,4,11,0.19362463264039675
uniform,4,12,0.09122038328018789
uniform,4,13,0.20397406874280932
uniform,4,14,0.37468847968296615
uniform,4,15,0.2346912463962454
uniform,4,16,0.503277194831421
uniform,4,17,0.6838940688716839
uniform,4,18,0.3529478783838229
uniform,4,19,0.1648576250289704
uniform,6,0,0.04964920544496465
uniform,6,1,0.1845318863215395
uniform,6,2,0.07100973270529032
uniform,6,3,0.02826344758480337
uniform,6,4,0.20536047582701578
uniform,6,5,0.00901166875445103
uniform,6,6,0.3441712016377281
uniform,6,7,0.2391094876983324
uniform,6,8,0.015839725011744576
uniform,6,9,0.019737812575836955
uniform,6,10,0.07314656189601187
uniform,6,11,0.08902954253642292
uniform,6,12,0.1756666093760444
uniform,6,13,0.0859267166658313
uniform,6,14,0.04339503246094978
uniform,6,15,0.09653989707013721
uniform,6,16,0.12689438343320347
uniform,6,17,0.17267263761790197
uniform,6,18,0.10452959373235604
uniform,6,19,0.12159097701446342
uniform,8,0,0.009009304646628413
uniform,8,1,0.10048900048550635
uniform,8,2,0.04460704949348582
uniform,8,3,0.046010188314720146
uniform,8,4,0.04077402923438722
uniform,8,5,0.0039432886874020134
uniform,8,6,0.11375386035802038
uniform,8,7,0.06399478599668473
uniform,8,8,0.023208672280567555
uniform,8,9,0.01612043157431975
uniform,8,10,0.06192625022616127
uniform,8,11,0.009202623113216735
uniform,8,12,0.02661875016718529
uniform,8,13,0.03338663076989157
uniform,8,14,0.0034221140669585814
uniform,8,15,0.0785089428582566
uniform,8,16,0.09020434939780486
uniform,8,17,0.0055754398679898065
uniform,8,18,0.014270770031524549
uniform,8,19,0.09957654407218719
uniform,10,0,0.00448118584959456
uniform,10,1,0.008667480417452467
uniform,10,2,0.00041311591147308313
uniform,10,3,0.021001932833742742
uniform,10,4,0.00046575923586367196
uniform,10,5,0.06180901788685711
uniform,10,6,0.05831578807978888
uniform,10,7,0.0007924725928931675
uniform,10,8,0.06068961251236882
uniform,10,9,0.0006922854414685986
uniform,10,10,0.004074220332296985
uniform,10,11,0.002626509056248061
uniform,10,12,0.00040261703487676215
uniform,10,13,0.006960626503547562
uniform,10,14,0.008983854760904464
uniform,10,15,0.00047506581882661436
uniform,10,16,0.005426477993714762
uniform,10,17,0.014200719904006398
uniform,10,18,0.0823642809669991
uniform,10,19,0.12763225938102418
uniform,12,0,0.0008126901193279412
uniform,12,1,0.010291603403496552
uniform,12,2,0.002945738432732492
uniform,12,3,0.12154534865582711
uniform,12,4,0.0012393315387080328
uniform,12,5,0.006902479428109398
uniform,12,6,0.0003594152576305021
uniform,12,7,0.0009368169834678142
uniform,12,8,0.0007664899777346523
uniform,12,9,0.003671188695840044
uniform,12,10,0.0015119730155430666
uniform,12,11,0.0002365273240458876
uniform,12,12,0.023467147298896318
uniform,12,13,0.00019643955184722728
uniform,12,14,0.0018795856603741612
uniform,12,15,0.0068818340734306815
uniform,12,16,0.08152316977974117
uniform,12,17,0.00038559586259578893
uniform,12,18,0.02691287021166
uniform,12,19,0.00020603188262846572
uniform,16,0,0.0009800821977488106
uniform,16,1,0.0004667437906449301
uniform,16,2,0.00037744170951770073
uniform,16,3,0.0002431843790271504
uniform,16,4,0.0005455328654180303
uniform,16,5,0.0021445196365008634
uniform,16,6,0.0004669309273926947
uniform,16,7,0.0010639348938072946
uniform,16,8,0.0003000304341957971
uniform,16,9,0.017559965087085017
uniform,16,10,0.00023753612949395375
uniform,16,11,0.0004265264907128419
uniform,16,12,0.00013140539913170102
uniform,16,13,0.0003444021119651808
uniform,16,14,0.00024909042346887844
uniform,16,15,0.0003989605313579059
uniform,16,16,0.0003447545996984047
uniform,16,17,0.0006854382466644493
uniform,16,18,0.0001857961989720769
uniform,16,19,0.019321894125852168
uniform,20,0,0.0029058277841165214
uniform,20,1,0.00014544180987241528
uniform,20,2,0.0002101694666658549
uniform,20,3,0.0009327034791573041
uniform,20,4,0.0002714093974676146
uniform,20,5,0.017079157835746983
uniform,20,6,0.0005352914235969841
uniform,20,7,0.0006152287939529266
uniform,20,8,0.0002668367552653983
uniform,20,9,0.000279093027336641
uniform,20,10,0.0003058547721157545
uniform,20,11,0.00024375774568063946
uniform,20,12,0.0003378387427388496
uniform,20,13,0.002736342232413591
uniform,20,14,0.00014798267457150072
uniform,20,15,9.856650750794671e-05
uniform,20,16,0.00012262314411182196
uniform,20,17,0.00042149126329982245
uniform,20,18,0.0004494047228993381
uniform,20,19,0.00022969783268367294
uniform,24,0,0.0008504726962476339
uniform,24,1,0.0021256705042533852
uniform,24,2,0.00015774728991346798
uniform,24,3,0.00020986862625460567
uniform,24,4,0.0001498507948641814
uniform,24,5,0.00012984026957907346
uniform,24,6,0.0001509360198452825
uniform,24,7,0.00022191333046406303
uniform,24,8,0.004371915468168286
uniform,24,9,0.011021273654144181
uniform,24,10,0.0003751104998990229
uniform,24,11,0.0003789780981538482
uniform,24,12,0.00022167668240280491
uniform,24,13,0.0002549290006488292
uniform,24,14,0.00010190477660487751
uniform,24,15,0.0002782456838881231
uniform,24,16,0.00017920431525642044
uniform,24,17,0.0001562563506032344
uniform,24,18,0.0003192230720832079
uniform,24,19,0.0001990451949386296
uniform,29,0,0.00013616854110898302
uniform,29,1,9.207677900402444e-05
uniform,29,2,0.00020031648112772693
uniform,29,3,0.0006639764347406985
uniform,29,4,0.00022336112627696636
uniform,29,5,0.00010098616868603472
uniform,29,6,0.00017038999075147387
uniform,29,7,0.00010416593045947664
uniform,29,8,0.0001747881589932998
uniform,29,9,0.0002555265371829707
uniform,29,10,0.00015897899588779296
uniform,29,11,0.0007165395790922346
uniform,29,12,0.00013318608145596045
uniform,29,13,0.0001699615141579347
uniform,29,14,0.00019563150088064418
uniform,29,15,0.00019996373125863443
uniform,29,16,0.000165248513626981
uniform,29,17,0.00018012906878261958
uniform,29,18,0.00015336339609528515
uniform,29,19,0.0002384623077360537
uniform,35,0,0.0004491752538320348
uniform,35,1,9.030338308968489e-05
uniform,35,2,0.00016892919570343778
uniform,35,3,0.00013929004068469197
uniform,35,4,0.00012026439564660762
uniform,35,5,0.00013781900501474986
uniform,35,6,0.0001761609163526412
uniform,35,7,0.00012490463626835258
uniform,35,8,0.00021171419286258875
uniform,35,9,0.00013346576130141008
uniform,35,10,9.847173593507952e-05
uniform,35,11,0.0001613148034365075
uniform,35,12,0.00036184691010743286
uniform,35,13,7.021346093349923e-05
uniform,35,14,0.0001676721799811487
uniform,35,15,9.198426007550609e-05
uniform,35,16,0.0013590977105467639
uniform,35,17,0.00016328369344753568
uniform,35,18,9.472942773824933e-05
uniform,35,19,0.00018355335312847387
uniform,40,0,0.00013492435961781624
uniform,40,1,0.0001466211151675001
uniform,40,2,0.0001795084506086564
uniform,40,3,0.00017175347315845357
uniform,40,4,0.00012740583374215575
uniform,40,5,0.0001021761941109034
uniform,40,6,0.00016474520260123526
uniform,40,7,0.00021046402461610825
uniform,40,8,0.00016433580707708728
uniform,40,9,0.00019831852323171084
uniform,40,10,0.00020329767415638855
uniform,40,11,0.00014071967147222253
uniform,40,12,0.000135252384171336
uniform,40,13,0.00016049900920700466
uniform,40,14,0.0001889615395347377
uniform,40,15,0.00010654665395126717
uniform,40,16,0.00019141811415168686
uniform,40,17,0.00011271228884801587
uniform,40,18,0.00011211985887560338
uniform,40,19,0.00011717898267638027
uniform,45,0,0.00016298786893997885
uniform,45,1,0.001291678484383496
uniform,45,2,0.00012046883878252812
uniform,45,3,0.00011990583086607387
uniform,45,4,0.00021901189791639908
uniform,45,5,0.0001191991518818547
uniform,45,6,0.00019780825425352866
uniform,45,7,0.00020355131834870477
uniform,45,8,0.00017610990331218268
uniform,45,9,0.00014717143631903795
uniform,45,10,0.00018410200769491958
uniform,45,11,0.00013537078360159605
uniform,45,12,0.00010615651803047577
uniform,45,13,0.0001599592258954008
uniform,45,14,0.00011570752344303159
uniform,45,15,0.00012815060159843128
uniform,45,16,0.00016256575469342227
uniform,45,17,0.00010386255275474099
uniform,45,18,0.00011969994249694249
uniform,45,19,0.00011854066848870914
uniform,50,0,0.00022467738463793907
uniform,50,1,0.00011175258148621303
uniform,50,2,0.0002061445882954871
uniform,50,3,0.00016423155186173766
uniform,50,4,0.00010362182872025727
uniform,50,5,0.00010402910378526364
uniform,50,6,0.00018432709856952556
uniform,50,7,0.0001920089169555883
uniform,50,8,0.00011511793165563944
uniform,50,9,9.414923646899886e-05
uniform,50,10,0.00017144680837910542
uniform,50,11,0.00010608626762675932
uniform,50,12,5.8580903439242604e-05
uniform,50,13,0.00012753464802739423
uniform,50,14,8.471006287147365e-05
uniform,50,15,0.00021777302784009578
uniform,50,16,0.00020854717774754228
uniform,50,17,0.00018101087916200242
uniform,50,18,8.35854980680284e-05
uniform,50,19,8.220982213136274e-05
couette,1,0,0.4859868838059659
couette,1,1,0.43422023794414
couette,1,2,0.5096076381172766
couette,1,3,0.4923711266583489
couette,1,4,0.5214836723677309
couette,1,5,0.5048125829866492
couette,1,6,0.4247395078312529
couette,1,7,0.3746368311220294
couette,1,8,0.5404192352933391
couette,1,9,0.5033183921464782
couette,1,10,0.510469874761776
couette,1,11,0.29333208062524535
couette,1,12,0.47828248210150737
couette,1,13,0.5018406079555092
couette,1,14,0.5006779392776047
couette,1,15,0.49568823791251715
couette,1,16,0.5141295415657744
couette,1,17,0.4926438642111942
couette,1,18,0.5499257394440606
couette,1,19,0.5575639092213687
couette,2,0,0.4028606128676937
couette,2,1,0.5216062038367225
couette,2,2,0.37400512317424484
couette,2,3,0.5182784817943603
couette,2,4,0.44719106810026776
couette,2,5,0.2581227354654691
couette,2,6,0.248269420140365
couette,2,7,0.28260310371647535
couette,2,8,0.24413905979852363
couette,2,9,0.38157767266062736
couette,2,10,0.21099435406485342
couette,2,11,0.4519282576787112
couette,2,12,0.28677432832881716
couette,2,13,0.3233926839862936
couette,2,14,0.33519261809742534
couette,2,15,0.34161005398952216
couette,2,16,0.2707495698263851
couette,2,17,0.19203943530246068
couette,2,18,0.6719034734142282
couette,2,19,0.3277308641658039
couette,4,0,0.05613143971312935
couette,4,1,0.26195991811008734
couette,4,2,0.3249543198846411
couette,4,3,0.14350268679863526
couette,4,4,0.18858932011988833
couette,4,5,0.13348445821847443
couette,4,6,0.23887198425606243
couette,4,7,0.1777632458249852
couette,4,8,0.19180747212935767
couette,4,9,0.18935131045300085
couette,4,10,0.2700155879689661
couette,4,11,0.5166489600768898
couette,4,12,0.30130612771906506
couette,4,13,0.08162800854135499
couette,4,14,0.22869954081864802
couette,4,15,0.0411731245644128
couette,4,16,0.3197178851982355
couette,4,17,0.05800321878773207
couette,4,18,0.12990367963839736
couette,4,19,0.15977240595937126
couette,6,0,0.03315122669057271
couette,6,1,0.030923950783674076
couette,6,2,0.12687507219509836
couette,6,3,0.06315337766787824
couette,6,4,0.010996609653101407
couette,6,5,0.030541909300729357
couette,6,6,0.1039710544309606
couette,6,7,0.01803910242931589
couette,6,8,0.14528266709888146
couette,6,9,0.39672146184032664
couette,6,10,0.0032516950334230132
couette,6,11,0.010975932618382537
couette,6,12,0.11150845978983598
couette,6,13,0.2336668334281302
couette,6,14,0.033465628930917965
couette,6,15,0.01030171346305301
couette,6,16,0.0036097642665735546
couette,6,17,0.0036542998946810924
couette,6,18,0.020667049665753657
couette,6,19,0.062345286212271596
couette,8,0,0.02316359889459608
couette,8,1,0.0015315328031146017
couette,8,2,0.0004335662087379989
couette,8,3,0.028351871317979848
couette,8,4,0.012494073354826527
couette,8,5,0.014683769463354972
couette,8,6,0.01626325331021639
couette,8,7,0.0026574580655263757
couette,8,8,0.01221554278367224
couette,8,9,0.005471394294753056
couette,8,10,0.0028677370047149446
couette,8,11,0.0019134678173155215
couette,8,12,0.09381456469581258
couette,8,13,0.0033904403107962366
couette,8,14,0.027708438179620494
couette,8,15,0.009565382861552665
couette,8,16,0.015615443805944214
couette,8,17,0.1525536651034387
couette,8,18,0.03690873575094998
couette,8,19,0.01578678057478048
couette,10,0,0.0025724277887193775
couette,10,1,0.0005912375906549866
couette,10,2,0.03587872259482137
couette,10,3,0.012393212950943842
couette,10,4,0.0014444081071474156
couette,10,5,0.002429382625466721
couette,10,6,0.0034872706346806615
couette,10,7,0.07325363562919682
couette,10,8,0.052490757146781336
couette,10,9,0.0024389982142318713
couette,10,10,0.0011261038747617832
couette,10,11,0.03156912424618119
couette,10,12,0.0009420154974218681
couette,10,13,0.001991610530931509
couette,10,14,0.0284883568016003
couette,10,15,0.0048812786182422345
couette,10,16,0.0019262042554238704
couette,10,17,0.0023755413073004296
couette,10,18,0.07738517843510628
couette,10,19,0.011138699142999265
couette,12,0,0.000675047874739542
couette,12,1,0.008075251217018357
couette,12,2,0.00045904566973631
couette,12,3,0.00040966156492267696
couette,12,4,0.00235650982875044
couette,12,5,0.0012858876698458783
couette,12,6,0.10435947362327266
couette,12,7,0.08019382549407932
couette,12,8,0.0024464682276334583
couette,12,9,0.051415947184964894
couette,12,10,0.0026228394740551116
couette,12,11,0.0007914950060347593
couette,12,12,0.0003508507993015161
couette,12,13,0.00342429062631154
couette,12,14,0.00040529159384993424
couette,12,15,0.005172273326028811
couette,12,16,0.0004246952895406252
couette,12,17,0.0030840851579430157
couette,12,18,0.005566443053131011
couette,12,19,0.09471985812148839
couette,16,0,0.0008109584937213417
couette,16,1,0.0003552425342114171
couette,16,2,0.00024847423746451837
couette,16,3,0.00012801733193897865
couette,16,4,0.00019979792954171984
couette,16,5,0.00034867973922832066
couette,16,6,0.0005615959699660241
couette,16,7,0.00014453548522934292
couette,16,8,0.007132508780529693
couette,16,9,0.00045753879955555556
couette,16,10,0.0002693082538208359
couette,16,11,0.0005766916256210595
couette,16,12,0.00044773561475550295
couette,16,13,0.00043502664236062414
couette,16,14,0.00025758597588094296
couette,16,15,0.00042663142477821023
couette,16,16,0.00019824324499060844
couette,16,17,0.0003933769351193051
couette,16,18,0.00020363162222513845
couette,16,19,0.0002708048920713917
couette,20,0,0.0002272424847496359
couette,20,1,0.00013813650897559672
couette,20,2,0.0061402131348397134
couette,20,3,0.0003447585387531888
couette,20,4,0.0004569315579151575
couette,20,5,0.00039599524698001685
couette,20,6,0.0002525816347743845
couette,20,7,0.0001818777095581406
couette,20,8,0.00023633504538685563
couette,20,9,0.00023061089568262547
couette,20,10,0.00015507681155062448
couette,20,11,0.0003438883800538738
couette,20,12,0.00019774191897822436
couette,20,13,0.007456799762192527
couette,20,14,0.00010084389963489242
couette,20,15,0.0005317874096786974
couette,20,16,0.0008921114309454827
couette,20,17,0.0003751349708561809
couette,20,18,0.00025263253294484963
couette,20,19,0.00048454641626870715
couette,24,0,0.00011245033266514074
couette,24,1,0.000275188725748017
couette,24,2,0.00034021684780182344
couette,24,3,0.0003531887137792472
couette,24,4,0.0003581057231072037
couette,24,5,0.0019482407074672705
couette,24,6,0.00018751703036566983
couette,24,7,0.0002539102701494951
couette,24,8,0.00023455883654909866
couette,24,9,8.819632180382436e-05
couette,24,10,0.0006223559926318217
couette,24,11,0.0001221717372196184
couette,24,12,0.0003508919038537935
couette,24,13,0.00014676724755474158
couette,24,14,0.00016178796397483806
couette,24,15,0.00012297791748056168
couette,24,16,0.00018516322714652372
couette,24,17,0.00015862344383950285
couette,24,18,0.00017619094944883564
couette,24,19,0.00030559444175550356
couette,29,0,0.0001175213438431954
couette,29,1,0.000178716100817643
couette,29,2,0.00017122927995979068
couette,29,3,0.00015120009869673513
couette,29,4,0.0002501344183534885
couette,29,5,0.00021562977020110385
couette,29,6,0.0002064754629072601
couette,29,7,0.00018379595994959664
couette,29,8,0.00037678973981691925
couette,29,9,0.000160526617719166
couette,29,10,0.0006136685681767994
couette,29,11,0.00022890209298150716
couette,29,12,0.0008058521289847939
couette,29,13,0.00023958873902543324
couette,29,14,0.0001370012688197066
couette,29,15,0.00016614890084376218
couette,29,16,0.00019673019498817458
couette,29,17,0.00018752523745389188
couette,29,18,0.00022879103585573244
couette,29,19,0.00026637162840301344
couette,35,0,0.00012275687314031302
couette,35,1,0.00010272841868824028
couette,35,2,0.00011459556130930139
couette,35,3,0.0001614492243925465
couette,35,4,0.00023626915467503542
couette,35,5,9.843088382172198e-05
couette,35,6,0.00015485499325699855
couette,35,7,0.00014283176805035818
couette,35,8,0.0002104244206763674
couette,35,9,0.0016944191009977357
couette,35,10,0.0003061398967595402
couette,35,11,0.00013134586080184815
couette,35,12,0.00014812830483729048
couette,35,13,0.0001026968820099997
couette,35,14,0.00016449477151529891
couette,35,15,0.00019215814821036022
couette,35,16,9.793274506407491e-05
couette,35,17,0.00016145890379873533
couette,35,18,0.00013067377527809236
couette,35,19,0.00010626597712214257
couette,40,0,0.00010265462459373193
couette,40,1,8.117685903235402e-05
couette,40,2,0.00015136206994908837
couette,40,3,0.00011080251490404812
couette,40,4,0.00011108918376432554
couette,40,5,0.00014618519935411537
couette,40,6,0.00019969072009750488
couette,40,7,0.00010760566743194327
couette,40,8,0.000220113629605549
couette,40,9,8.915124889427357e-05
couette,40,10,0.00015440550533271072
couette,40,11,0.00013713597926424704
couette,40,12,0.00013280049546989496
couette,40,13,0.00015266497654564784
couette,40,14,0.00011654453048806175
couette,40,15,0.00014253211141959356
couette,40,16,9.868696540238155e-05
couette,40,17,0.00010402070591042306
couette,40,18,0.0001394188488620749
couette,40,19,0.00011561317657040407
couette,45,0,8.845572111254711e-05
couette,45,1,0.00013359317979523582
couette,45,2,0.00014245685065174884
couette,45,3,0.05511716478149973
couette,45,4,0.00019002521447604296
couette,45,5,0.00011723743592512983
couette,45,6,7.811222105490032e-05
couette,45,7,9.063632009463979e-05
couette,45,8,0.00011157893442624323
couette,45,9,0.00020899992664395498
couette,45,10,0.0001205203506949411
couette,45,11,0.00014596574181627861
couette,45,12,0.00018266380753116147
couette,45,13,0.00018326404566824367
couette,45,14,0.00021749231927780467
couette,45,15,7.769339343846539e-05
couette,45,16,0.00010615166540730858
couette,45,17,0.0001117652315259943
couette,45,18,0.000232922522025554
couette,45,19,8.679744669198307e-05
couette,50,0,0.00010882246755235218
couette,50,1,0.00015665152863434181
couette,50,2,0.00016264213622534687
couette,50,3,0.000249277625666131
couette,50,4,0.00019353532684489094
couette,50,5,0.00018028781707714136
couette,50,6,9.645967411746101e-05
couette,50,7,0.0001852126539668672
couette,50,8,0.00019787797519836098
couette,50,9,7.818485101523901e-05
couette,50,10,0.00013934739969758482
couette,50,11,0.00021537790677460345
couette,50,12,0.00012386006205881837
couette,50,13,0.00031044756351585203
couette,50,14,0.00011612396888489584
couette,50,15,0.00012489195215914224
couette,50,16,0.00019222220209510126
couette,50,17,0.00013654514084347058
couette,50,18,0.00018430055773743516
couette,50,19,0.0002556927743966739
poiseuille,1,0,0.6462956833707851
poiseuille,1,1,0.7165375435505046
poiseuille,1,2,0.6451663719783296
poiseuille,1,3,0.6426428498134485
poiseuille,1,4,0.7769721182590906
poiseuille,1,5,0.33986017983035655
poiseuille,1,6,0.7773319765043306
poiseuille,1,7,0.5835563730466887
poiseuille,1,8,0.8161590314457366
poiseuille,1,9,0.8944562026617842
poiseuille,1,10,0.6970040782072313
poiseuille,1,11,0.6759861343299659
poiseuille,1,12,0.6546052763830359
poiseuille,1,13,0.8711882666443771
poiseuille,1,14,0.8242675073288651
poiseuille,1,15,0.631101148701229
poiseuille,1,16,0.8651691164506586
poiseuille,1,17,0.41106052044209285
poiseuille,1,18,0.6938692416480395
poiseuille,1,19,0.6418758385362926
poiseuille,2,0,0.33455211369707116
poiseuille,2,1,0.6551510833959238
poiseuille,2,2,0.5022191497449944
poiseuille,2,3,0.3066338221193062
poiseuille,2,4,0.1923214861843264
poiseuille,2,5,0.9235488277158035
poiseuille,2,6,0.8338715037579272
poiseuille,2,7,0.4225818666357388
poiseuille,2,8,0.6919493887998689
poiseuille,2,9,0.29833302616743307
poiseuille,2,10,0.20321909428362958
poiseuille,2,11,0.5948706832850795
poiseuille,2,12,0.2704747753659829
poiseuille,2,13,0.46108993146712773
poiseuille,2,14,0.3111887122452486
poiseuille,2,15,0.3868525316860355
poiseuille,2,16,1.006945184828637
poiseuille,2,17,0.6449391357889425
poiseuille,2,18,0.2341174522543064
poiseuille,2,19,0.4577420713408657
poiseuille,4,0,0.17257528311894066
poiseuille,4,1,0.11083359800370363
poiseuille,4,2,0.1932930648880499
poiseuille,4,3,0.09734857014643132
poiseuille,4,4,0.16922908380027712
poiseuille,4,5,0.056704289011172415
poiseuille,4,6,0.26865165480831366
poiseuille,4,7,0.22527101422445517
poiseuille,4,8,0.06581868262513144
poiseuille,4,9,0.21635850522738248
poiseuille,4,10,0.18704447204764824
poiseuille,4,11,0.1692027872593927
poiseuille,4,12,0.3871402192227335
poiseuille,4,13,0.0843731982306289
poiseuille,4,14,0.07756186984755402
poiseuille,4,15,0.10500376666125542
poiseuille,4,16,0.22965750577246483
poiseuille,4,17,0.3657587289338633
poiseuille,4,18,0.2463923868393162
poiseuille,4,19,0.1308926690437449
poiseuille,6,0,0.03780641099392787
poiseuille,6,1,0.05509748019837339
poiseuille,6,2,0.05007640343887675
poiseuille,6,3,0.0886048352760502
poiseuille,6,4,0.09870007365761943
poiseuille,6,5,0.13803458394245416
poiseuille,6,6,0.061323538359673926
poiseuille,6,7,0.0751981263204702
poiseuille,6,8,0.03711962034756396
poiseuille,6,9,0.0712200513610104
poiseuille,6,10,0.22981610129762325
poiseuille,6,11,0.07319584691445016
poiseuille,6,12,0.0287000413751958
poiseuille,6,13,0.10881414477633085
poiseuille,6,14,0.12029969738222823
poiseuille,6,15,0.03958453554157709
poiseuille,6,16,0.04445333976284885
poiseuille,6,17,0.04207177640457334
poiseuille,6,18,0.06226030489830979
poiseuille,6,19,0.03250422414652482
poiseuille,8,0,0.03136645591741749
poiseuille,8,1,0.026843241178352434
poiseuille,8,2,0.052406800564757966
poiseuille,8,3,0.034810841207795276
poiseuille,8,4,0.029775383762890153
poiseuille,8,5,0.034605836545028516
poiseuille,8,6,0.02246985779109094
poiseuille,8,7,0.03260002803568959
poiseuille,8,8,0.027233659720296965
poiseuille,8,9,0.05203650613619111
poiseuille,8,10,0.03795694902293127
poiseuille,8,11,0.01571079533733635
poiseuille,8,12,0.029794076073023576
poiseuille,8,13,0.013900560381107062
poiseuille,8,14,0.053773942655811126
poiseuille,8,15,0.023413305011405136
poiseuille,8,16,0.032867552219134476
poiseuille,8,17,0.03574744361655701
poiseuille,8,18,0.047727551435417265
poiseuille,8,19,0.02623624978883911
poiseuille,10,0,0.01892051602279496
poiseuille,10,1,0.016638850178283034
poiseuille,10,2,0.03239449570447411
poiseuille,10,3,0.023534448267621126
poiseuille,10,4,0.030593673059691188
poiseuille,10,5,0.03140192393694932
poiseuille,10,6,0.020829816882750186
poiseuille,10,7,0.025726121099211584
poiseuille,10,8,0.01877469864706661
poiseuille,10,9,0.025458831051400718
poiseuille,10,10,0.016017160755842884
poiseuille,10,11,0.025673644914717388
poiseuille,10,12,0.01989776796388875
poiseuille,10,13,0.032032322141556394
poiseuille,10,14,0.017113267442784866
poiseuille,10,15,0.039548051694831374
poiseuille,10,16,0.024068847367104233
poiseuille,10,17,0.03621559875179861
poiseuille,10,18,0.019848512782870663
poiseuille,10,19,0.016378614487507034
poiseuille,12,0,0.011782492431790786
poiseuille,12,1,0.0168334168579095
poiseuille,12,2,0.012448785384304481
poiseuille,12,3,0.020795986661180044
poiseuille,12,4,0.012652824388487471
poiseuille,12,5,0.023979487191283226
poiseuille,12,6,0.011201287324932478
poiseuille,12,7,0.027938443740501542
poiseuille,12,8,0.015309029913288077
poiseuille,12,9,0.023099327505200745
poiseuille,12,10,0.013671643680362194
poiseuille,12,11,0.022298054397869083
poiseuille,12,12,0.010955116763537106
poiseuille,12,13,0.027895792267854654
poiseuille,12,14,0.013708993443491201
poiseuille,12,15,0.018227366963299158
poiseuille,12,16,0.017857070904519316
poiseuille,12,17,0.03662373183240025
poiseuille,12,18,0.013934964921451968
poiseuille,12,19,0.031739133459038324
poiseuille,16,0,0.010003468007651464
poiseuille,16,1,0.006660371219229973
poiseuille,16,2,0.00696116484134685
poiseuille,16,3,0.008221166622185387
poiseuille,16,4,0.014300221778523524
poiseuille,16,5,0.014112685395026726
poiseuille,16,6,0.013473006525402427
poiseuille,16,7,0.007454026834471791
poiseuille,16,8,0.027702746907613093
poiseuille,16,9,0.0066552142408163595
poiseuille,16,10,0.007559615045530027
poiseuille,16,11,0.009495760909778144
poiseuille,16,12,0.021096028247102938
poiseuille,16,13,0.011885715400046184
poiseuille,16,14,0.00911870133814004
poiseuille,16,15,0.00688524917302199
poiseuille,16,16,0.00864444695637533
poiseuille,16,17,0.008127352551254116
poiseuille,16,18,0.02368972364565377
poiseuille,16,19,0.013377846861341084
poiseuille,20,0,0.012522643985056873
poiseuille,20,1,0.00952448452276992
poiseuille,20,2,0.005017965116533529
poiseuille,20,3,0.007467753668878903
poiseuille,20,4,0.004333602330193354
poiseuille,20,5,0.006395139278918967
poiseuille,20,6,0.006161318748662531
poiseuille,20,7,0.018595551952618354
poiseuille,20,8,0.005290198904090617
poiseuille,20,9,0.021112589930023427
poiseuille,20,10,0.014331696148690334
poiseuille,20,11,0.0073241800974487735
poiseuille,20,12,0.014671528634912378
poiseuille,20,13,0.008257187407842734
poiseuille,20,14,0.005652132527188744
poiseuille,20,15,0.005296737013190051
poiseuille,20,16,0.006330765655888048
poiseuille,20,17,0.009296676336588008
poiseuille,20,18,0.023150043191814573
poiseuille,20,19,0.0047377925179671035
poiseuille,24,0,0.006176270694671914
poiseuille,24,1,0.007478430914989656
poiseuille,24,2,0.00693865503817411
poiseuille,24,3,0.007326725773815561
poiseuille,24,4,0.006944274366425664
poiseuille,24,5,0.005241067482989903
poiseuille,24,6,0.004879008184997117
poiseuille,24,7,0.006188318762733451
poiseuille,24,8,0.005266447003437054
poiseuille,24,9,0.01112195083104555
poiseuille,24,10,0.008267597327321356
poiseuille,24,11,0.00461869013938857
poiseuille,24,12,0.008466247047822655
poiseuille,24,13,0.004872633534780882
poiseuille,24,14,0.0062754459114071955
poiseuille,24,15,0.008905877173812866
poiseuille,24,16,0.008409413931894108
poiseuille,24,17,0.009254400685440936
poiseuille,24,18,0.005815926132869015
poiseuille,24,19,0.012019776571973466
poiseuille,29,0,0.004614517672622419
poiseuille,29,1,0.004685702915318798
poiseuille,29,2,0.004252520640274123
poiseuille,29,3,0.008235473217254615
poiseuille,29,4,0.00879120314371653
poiseuille,29,5,0.007342804870678261
poiseuille,29,6,0.006105655734357321
poiseuille,29,7,0.00521764375718438
poiseuille,29,8,0.004360242257693171
poiseuille,29,9,0.0052386759636478914
poiseuille,29,10,0.003991907492107208
poiseuille,29,11,0.004293247230937786
poiseuille,29,12,0.004380091923921347
poiseuille,29,13,0.008312951707048677
poiseuille,29,14,0.005234075932948305
poiseuille,29,15,0.015284117698893726
poiseuille,29,16,0.005818818902818438
poiseuille,29,17,0.004200445802945434
poiseuille,29,18,0.01802470591404253
poiseuille,29,19,0.005599699777416568
poiseuille,35,0,0.007627658673380748
poiseuille,35,1,0.0053570022425090975
poiseuille,35,2,0.003145592993920668
poiseuille,35,3,0.004021158427425273
poiseuille,35,4,0.0033750085919006887
poiseuille,35,5,0.007157747559217052
poiseuille,35,6,0.004333465395560827
poiseuille,35,7,0.006637327701888107
poiseuille,35,8,0.002941610068281723
poiseuille,35,9,0.005025842823949526
poiseuille,35,10,0.002849680043347686
poiseuille,35,11,0.007630051506830215
poiseuille,35,12,0.007050609852460276
poiseuille,35,13,0.003857060966175326
poiseuille,35,14,0.004939209078688464
poiseuille,35,15,0.004073943387830502
poiseuille,35,16,0.0024486523836873128
poiseuille,35,17,0.007264033356269573
poiseuille,35,18,0.006113259467276762
poiseuille,35,19,0.005363798442436064
poiseuille,40,0,0.002422744759007228
poiseuille,40,1,0.0033014952201335054
poiseuille,40,2,0.003898062327128555
poiseuille,40,3,0.003891109914360685
poiseuille,40,4,0.0032611916751894574
poiseuille,40,5,0.005038183300006637
poiseuille,40,6,0.0027979933592936867
poiseuille,40,7,0.01365817703373378
poiseuille,40,8,0.011813681057207304
poiseuille,40,9,0.0020351737411143343
poiseuille,40,10,0.003192437244842106
poiseuille,40,11,0.003655689388419683
poiseuille,40,12,0.004282917031987611
poiseuille,40,13,0.0043024493005784144
poiseuille,40,14,0.0031319449712678936
poiseuille,40,15,0.005143510182987163
poiseuille,40,16,0.0031434348150098583
poiseuille,40,17,0.004885277738570768
poiseuille,40,18,0.006053267274674972
poiseuille,40,19,0.0042575158146942686
poiseuille,45,0,0.0033952512000142176
poiseuille,45,1,0.0031578713988090657
poiseuille,45,2,0.0030384928684414883
poiseuille,45,3,0.002094537673226369
poiseuille,45,4,0.0035998685067240178
poiseuille,45,5,0.003371721589066139
poiseuille,45,6,0.004845492927789593
poiseuille,45,7,0.0028775182985461135
poiseuille,45,8,0.0044835863159688955
poiseuille,45,9,0.005902142866147595
poiseuille,45,10,0.0020895514786867762
poiseuille,45,11,0.003788805666356914
poiseuille,45,12,0.00418845082703778
poiseuille,45,13,0.004296136819088867
poiseuille,45,14,0.0031581245395124716
poiseuille,45,15,0.0025790620449501972
poiseuille,45,16,0.006499190380553336
poiseuille,45,17,0.0031050077355894686
poiseuille,45,18,0.004079998334209198
poiseuille,45,19,0.004270488048129491
poiseuille,50,0,0.0024197119499934625
poiseuille,50,1,0.007773337609704658
poiseuille,50,2,0.00221971756385
poiseuille,50,3,0.0038028781940001354
poiseuille,50,4,0.002989532122885342
poiseuille,50,5,0.0034909536603752126
poiseuille,50,6,0.002104747772211549
poiseuille,50,7,0.002988402378784769
poiseuille,50,8,0.002423399818684515
poiseuille,50,9,0.004738558881244591
poiseuille,50,10,0.0025054554984823953
poiseuille,50,11,0.002392693135989289
poiseuille,50,12,0.0037027802203470415
poiseuille,50,13,0.0027921253152085575
poiseuille,50,14,0.0031034354283296407
poiseuille,50,15,0.004250614480584815
poiseuille,50,16,0.0030907772032660987
poiseuille,50,17,0.004187232472283105
poiseuille,50,18,0.0033614376364520344
poiseuille,50,19,0.00520252477351039
cavity,1,0,0.19997404619684955
cavity,1,1,0.20294104360063114
cavity,1,2,0.19984272908430034
cavity,1,3,0.20306935365767353
cavity,1,4,0.22149210501571992
cavity,1,5,0.20953735342101076
cavity,1,6,0.20345234037958493
cavity,1,7,0.1990953258077739
cavity,1,8,0.1925836000031107
cavity,1,9,0.20678464249857553
cavity,1,10,0.2000531071875553
cavity,1,11,0.20880150933700348
cavity,1,12,0.20225253971364987
cavity,1,13,0.2036985855398341
cavity,1,14,0.20750377955496835
cavity,1,15,0.21969774570926104
cavity,1,16,0.2019499722597673
cavity,1,17,0.19787273539436256
cavity,1,18,0.19294352519957458
cavity,1,19,0.19900689026377139
cavity,2,0,0.17060904437681268
cavity,2,1,0.2113072965437781
cavity,2,2,0.18743508166161726
cavity,2,3,0.15826164023704026
cavity,2,4,0.19306301122296476
cavity,2,5,0.20591310701514276
cavity,2,6,0.21484504615322964
cavity,2,7,0.20640004725838024
cavity,2,8,0.1809138517913884
cavity,2,9,0.17961747786355753
cavity,2,10,0.15635016360573983
cavity,2,11,0.18131481986914766
cavity,2,12,0.1719586783294873
cavity,2,13,0.19882669981405643
cavity,2,14,0.1649704034456554
cavity,2,15,0.2001743367444866
cavity,2,16,0.17475946928245678
cavity,2,17,0.19701202126875694
cavity,2,18,0.18576807342036838
cavity,2,19,0.2150639218115633
cavity,4,0,0.17099406740561252
cavity,4,1,0.16124514807207602
cavity,4,2,0.1539595612750868
cavity,4,3,0.16069840211830888
cavity,4,4,0.2597326762435421
cavity,4,5,0.13807069779682068
cavity,4,6,0.1506768537205727
cavity,4,7,0.14864007695188386
cavity,4,8,0.1911671015567209
cavity,4,9,0.14152058303965065
cavity,4,10,0.15358476432883572
cavity,4,11,0.1321078190095908
cavity,4,12,0.177828901048946
cavity,4,13,0.15238697272417534
cavity,4,14,0.15400760598368857
cavity,4,15,0.13594003391838472
cavity,4,16,0.16384648149815062
cavity,4,17,0.14631659785956108
cavity,4,18,0.14483047354470502
cavity,4,19,0.17347461708628265
cavity,6,0,0.13088747787344568
cavity,6,1,0.13803638740485757
cavity,6,2,0.16155105502988265
cavity,6,3,0.12549512903394922
cavity,6,4,0.1477442157786153
cavity,6,5,0.13694776031293943
cavity,6,6,0.09411826608531415
cavity,6,7,0.14360675879645202
cavity,6,8,0.09283791846272793
cavity,6,9,0.14498853189164196
cavity,6,10,0.13677501041842222
cavity,6,11,0.09856668183233674
cavity,6,12,0.10749427641946019
cavity,6,13,0.206650634645142
cavity,6,14,0.111093847480769
cavity,6,15,0.17253291300041917
cavity,6,16,0.18893241410001105
cavity,6,17,0.16552320191368564
cavity,6,18,0.13032942595457042
cavity,6,19,0.15593852848005207
cavity,8,0,0.10275880495899203
cavity,8,1,0.1211006703060371
cavity,8,2,0.08579715427429102
cavity,8,3,0.08151384312474486
cavity,8,4,0.13958586028596764
cavity,8,5,0.10001132009076708
cavity,8,6,0.09389929170155265
cavity,8,7,0.15547078107583756
cavity,8,8,0.0932390009137376
cavity,8,9,0.0938691338926394
cavity,8,10,0.10762929813069144
cavity,8,11,0.09638787342301702
cavity,8,12,0.0942230039827705
cavity,8,13,0.11119575303484597
cavity,8,14,0.08224580145073324
cavity,8,15,0.08461859121254323
cavity,8,16,0.16909856498443032
cavity,8,17,0.1336357515561617
cavity,8,18,0.09903226641976781
cavity,8,19,0.10567185916285071
cavity,10,0,0.08144352979759661
cavity,10,1,0.06843830106449866
cavity,10,2,0.08565042930457922
cavity,10,3,0.1229193692111088
cavity,10,4,0.0949765151487072
cavity,10,5,0.08413657851435241
cavity,10,6,0.0945959811970396
cavity,10,7,0.09049873273842612
cavity,10,8,0.1205772322532952
cavity,10,9,0.12249833954162748
cavity,10,10,0.12613723769292262
cavity,10,11,0.08401026572232473
cavity,10,12,0.08860213453049015
cavity,10,13,0.09359490453595098
cavity,10,14,0.08695498514758926
cavity,10,15,0.07258575063129724
cavity,10,16,0.10046765570761673
cavity,10,17,0.08280728374134005
cavity,10,18,0.12092738240116097
cavity,10,19,0.10239202271494419
cavity,12,0,0.09151827546092983
cavity,12,1,0.06919337929136349
cavity,12,2,0.07187886524115195
cavity,12,3,0.08956511756864538
cavity,12,4,0.08310516984425886
cavity,12,5,0.08440052715696433
cavity,12,6,0.09660919714102656
cavity,12,7,0.06887001737636433
cavity,12,8,0.1047617643767551
cavity,12,9,0.08670487235887991
cavity,12,10,0.0856583831080564
cavity,12,11,0.06665898570142081
cavity,12,12,0.06424879308168885
cavity,12,13,0.09266592354266345
cavity,12,14,0.0651538512516141
cavity,12,15,0.1263546698989999
cavity,12,16,0.08403566672543095
cavity,12,17,0.06648194733627255
cavity,12,18,0.09262853738765164
cavity,12,19,0.09435602418496414
cavity,16,0,0.07373100343291084
cavity,16,1,0.07487385769159038
cavity,16,2,0.06077937496032915
cavity,16,3,0.05749757225470242
cavity,16,4,0.06706015917796959
cavity,16,5,0.06192933503496212
cavity,16,6,0.07340326165130362
cavity,16,7,0.07338350274962968
cavity,16,8,0.06763806106920844
cavity,16,9,0.06936306270098447
cavity,16,10,0.09714899760136797
cavity,16,11,0.0687873826153429
cavity,16,12,0.08236773296224476
cavity,16,13,0.0709254493628646
cavity,16,14,0.06715943979743644
cavity,16,15,0.06429543338522903
cavity,16,16,0.06959583921152435
cavity,16,17,0.0646295664563854
cavity,16,18,0.06953572767018956
cavity,16,19,0.0715133932259957
cavity,20,0,0.05971254648307811
cavity,20,1,0.061796570940283235
cavity,20,2,0.07112403918534005
cavity,20,3,0.07140519921196065
cavity,20,4,0.05704034924776691
cavity,20,5,0.055881607362259
cavity,20,6,0.05961513727249157
cavity,20,7,0.07269013842365668
cavity,20,8,0.07422060197904878
cavity,20,9,0.06888092751175057
cavity,20,10,0.06344568710939003
cavity,20,11,0.04856712348861114
cavity,20,12,0.08291806334124763
cavity,20,13,0.06114187510670499
cavity,20,14,0.05942778254560688
cavity,20,15,0.047089507280147824
cavity,20,16,0.05802714719739965
cavity,20,17,0.06653149833535243
cavity,20,18,0.07656449723173031
cavity,20,19,0.060758670997128394
cavity,24,0,0.042053341444226344
cavity,24,1,0.06547650592854337
cavity,24,2,0.046693179439067034
cavity,24,3,0.04589332533024715
cavity,24,4,0.0469218717270361
cavity,24,5,0.06981787844068466
cavity,24,6,0.0506534370122238
cavity,24,7,0.04534183615211296
cavity,24,8,0.059467728563407096
cavity,24,9,0.05428982617517031
cavity,24,10,0.05129628251805718
cavity,24,11,0.04600222260536624
cavity,24,12,0.06128176812552022
cavity,24,13,0.04870483168752182
cavity,24,14,0.062435152417304796
cavity,24,15,0.04262659933762647
cavity,24,16,0.06159649327414529
cavity,24,17,0.05181149160222498
cavity,24,18,0.04027620754283978
cavity,24,19,0.05456493001904006
cavity,29,0,0.057739704503306566
cavity,29,1,0.04818215638802359
cavity,29,2,0.046118889650596184
cavity,29,3,0.045034022480631375
cavity,29,4,0.04401088895688199
cavity,29,5,0.04049783994807088
cavity,29,6,0.05546772744037343
cavity,29,7,0.04047257786846137
cavity,29,8,0.045354090310272266
cavity,29,9,0.04753823240766186
cavity,29,10,0.05657323268086989
cavity,29,11,0.039944678160155345
cavity,29,12,0.05334287874615784
cavity,29,13,0.04860812326635733
cavity,29,14,0.044582871343132435
cavity,29,15,0.050231726859795156
cavity,29,16,0.04856911874829306
cavity,29,17,0.05243091272505085
cavity,29,18,0.04958372195083838
cavity,29,19,0.04119110245036728
cavity,35,0,0.043010015313837524
cavity,35,1,0.04487839810709593
cavity,35,2,0.04607122304832201
cavity,35,3,0.045235809160074414
cavity,35,4,0.04741041881841079
cavity,35,5,0.04948710745723117
cavity,35,6,0.04701519787134201
cavity,35,7,0.03933387609514982
cavity,35,8,0.05228835971518242
cavity,35,9,0.05404446575705135
cavity,35,10,0.04120322485212169
cavity,35,11,0.05542187137745502
cavity,35,12,0.049490644014025253
cavity,35,13,0.039259244852150044
cavity,35,14,0.05962644361889913
cavity,35,15,0.051247076697343186
cavity,35,16,0.0521645497052865
cavity,35,17,0.04130523953990162
cavity,35,18,0.05046420646418914
cavity,35,19,0.051464278610203085
cavity,40,0,0.04399456771509902
cavity,40,1,0.03799264870096186
cavity,40,2,0.04679918612877065
cavity,40,3,0.04200085792047892
cavity,40,4,0.04125647024980994
cavity,40,5,0.04522251399737298
cavity,40,6,0.0411941406662959
cavity,40,7,0.04908507070222212
cavity,40,8,0.04620444744586605
cavity,40,9,0.04316802932281716
cavity,40,10,0.04203222853792132
cavity,40,11,0.047442809504033345
cavity,40,12,0.04330376126380342
cavity,40,13,0.041290222572951674
cavity,40,14,0.042925291900217655
cavity,40,15,0.05337442881226506
cavity,40,16,0.04210718116539658
cavity,40,17,0.04206970486314132
cavity,40,18,0.037640772065765216
cavity,40,19,0.03506123770067893
cavity,45,0,0.04248840518457753
cavity,45,1,0.042586635813669727
cavity,45,2,0.0429102312230607
cavity,45,3,0.04551899032838724
cavity,45,4,0.038080782999532214
cavity,45,5,0.03830325636972853
cavity,45,6,0.03561182030225529
cavity,45,7,0.05006022677734334
cavity,45,8,0.03484408474728573
cavity,45,9,0.043781977958396556
cavity,45,10,0.04046185322371665
cavity,45,11,0.0385245794618867
cavity,45,12,0.03935182057581477
cavity,45,13,0.044480374340103435
cavity,45,14,0.0397980172676351
cavity,45,15,0.042574641860063434
cavity,45,16,0.04147074759508795
cavity,45,17,0.03889067507003885
cavity,45,18,0.03768451544259532
cavity,45,19,0.03805800442917251
cavity,50,0,0.039034628705704844
cavity,50,1,0.033279276475979724
cavity,50,2,0.03400631107389307
cavity,50,3,0.043610124502355685
cavity,50,4,0.03927963413451563
cavity,50,5,0.03931317456260741
cavity,50,6,0.04455578988405362
cavity,50,7,0.03707579722105736
cavity,50,8,0.040810729176944616
cavity,50,9,0.038604150968284845
cavity,50,10,0.049398611501205725
cavity,50,11,0.03469903142545716
cavity,50,12,0.032254296297451024
cavity,50,13,0.05128079116563322
cavity,50,14,0.03883724917416442
cavity,50,15,0.04075365272130638
cavity,50,16,0.03491660080146586
cavity,50,17,0.038496521719641574
cavity,50,18,0.03501420973609415
cavity,50,19,0.0363532673262319
