epoch,frame,norm_cont,norm_mom_u,norm_mom_v,norm_p_gauge,loss,walltime,memory,div_rms,umax,umin,vmax,vmin,speed_max
0,0,0.0,10.239999771118164,0.0,0.0,104.85760498046875,0.4818689823150635,330.390625,0.0,0.0,0.0,0.0,0.0,0.0
1,1,0.0,10.239999771118164,0.0,0.0,104.85760498046875,0.6211462020874023,381.578125,3.286909855404474e-09,0.01003124937415123,-0.0019687500316649675,0.0,0.0,0.01003124937415123
2,1,0.023301616311073303,10.1106595993042,0.00909189973026514,1.329589505161266e-08,102.22605895996094,0.6219642162322998,378.359375,0.05049533024430275,0.020058831200003624,-0.0035683056339621544,0.007463923655450344,-0.007072932086884975,0.02140248939394951
3,1,0.08250553160905838,9.981287956237793,0.14002367854118347,3.076091914522294e-08,99.65252685546875,0.6229290962219238,378.578125,0.04661829397082329,0.03008192405104637,-0.005530991591513157,0.005591119639575481,-0.003933865111321211,0.030569585040211678
4,1,0.07985037565231323,9.85233211517334,0.0926835760474205,4.053883984056483e-08,97.08341979980469,0.6237280368804932,378.578125,0.044226113706827164,0.04009648784995079,-0.007238631136715412,0.006452408153563738,-0.00523916631937027,0.04060349985957146
5,1,0.10090740770101547,9.72307014465332,0.12338665127754211,5.3125933874298426e-08,94.5634994506836,0.6244690418243408,378.578125,0.046479709446430206,0.05009961873292923,-0.008100238628685474,0.011147664859890938,-0.0046310219913721085,0.05129430815577507
6,1,0.12209179252386093,9.593623161315918,0.12670111656188965,6.508835070917485e-08,92.06857299804688,0.6252210140228271,378.578125,0.05098925530910492,0.06008951738476753,-0.010014991275966167,0.015479151159524918,-0.0036032297648489475,0.06199926137924194
7,1,0.14620961248874664,9.463850975036621,0.1326187700033188,7.650245947843359e-08,89.60343933105469,0.6259269714355469,378.59375,0.061171941459178925,0.07006481289863586,-0.010882345959544182,0.018596291542053223,-0.003594934707507491,0.07240839302539825
8,1,0.17696954309940338,9.334145545959473,0.16309677064418793,8.78484840427518e-08,87.1842041015625,0.6266782283782959,378.609375,0.07142399996519089,0.08002376556396484,-0.01191298384219408,0.02057935856282711,-0.003689826000481844,0.08250398933887482
9,1,0.20806965231895447,9.204718589782715,0.1928141713142395,9.94483357885656e-08,84.80730438232422,0.6273684501647949,378.625,0.07643979787826538,0.08996380865573883,-0.012974034063518047,0.022350221872329712,-0.004063542932271957,0.09232918918132782
50,1,0.8821525573730469,4.545071601867676,0.3072753846645355,6.175483235892898e-07,21.53028678894043,0.6546008586883545,378.65625,0.18400990962982178,0.4536426067352295,-0.04587925598025322,0.12428346276283264,-0.08081025630235672,0.45954087376594543
100,1,0.8572051525115967,1.4971741437911987,0.27347105741500854,9.478745255364629e-07,3.0511176586151123,0.6873693466186523,378.671875,0.27990949153900146,0.710712194442749,-0.06425746530294418,0.20753413438796997,-0.18140867352485657,0.7135084867477417
150,1,0.7186998724937439,0.5773396492004395,0.24436435103416443,1.059294390870491e-06,0.9095645546913147,0.7206249237060547,378.6875,0.30936235189437866,0.8020346760749817,-0.13154590129852295,0.23239919543266296,-0.25330686569213867,0.8032065033912659
200,1,0.6310495734214783,0.4177304804325104,0.2260989248752594,1.2072594017809024e-06,0.6238430142402649,0.7537326812744141,378.6875,0.28968366980552673,0.8249529600143433,-0.252579003572464,0.2434626817703247,-0.2917821407318115,0.8255884051322937
250,1,0.5672471523284912,0.36479297280311584,0.21475325524806976,1.3191878451834782e-06,0.5009622573852539,0.7870912551879883,378.703125,0.2652897536754608,0.8315061330795288,-0.3505202829837799,0.2510969936847687,-0.30907773971557617,0.8319362998008728
300,1,0.5146092176437378,0.3345455825328827,0.2071564495563507,1.3969827250548406e-06,0.4196571707725525,0.8201863765716553,378.71875,0.24865983426570892,0.8353384733200073,-0.4177452325820923,0.25871384143829346,-0.31919828057289124,0.8356608748435974
350,1,0.46983498334884644,0.31447359919548035,0.2010522484779358,1.4562737078449572e-06,0.36006057262420654,0.8534195423126221,378.71875,0.23971711099147797,0.8384206295013428,-0.4584764242172241,0.26588064432144165,-0.3268580436706543,0.8386746644973755
400,1,0.431460976600647,0.2992091178894043,0.19599217176437378,1.5008297395979753e-06,0.3140976130962372,0.8860266208648682,378.71875,0.23641033470630646,0.8410186767578125,-0.4794352948665619,0.27138760685920715,-0.33328646421432495,0.8412249088287354
450,1,0.3982659876346588,0.2866613566875458,0.19101154804229736,1.5317289125960087e-06,0.277275949716568,0.9187700748443604,378.71875,0.23728375136852264,0.8433046936988831,-0.48778173327445984,0.27596884965896606,-0.3393418788909912,0.8434760570526123
500,1,0.36949729919433594,0.2754943072795868,0.18623901903629303,1.5528413541687769e-06,0.24711033701896667,0.9520001411437988,378.71875,0.2407100349664688,0.8454499840736389,-0.48801690340042114,0.2797032594680786,-0.34519249200820923,0.8455737233161926
550,1,0.34448233246803284,0.26517608761787415,0.18135783076286316,1.5682702496633283e-06,0.2218771129846573,0.9850695133209229,378.71875,0.24544067680835724,0.848703920841217,-0.48324519395828247,0.2825832962989807,-0.35087037086486816,0.8488044142723083
600,1,0.32262375950813293,0.25545552372932434,0.17650189995765686,1.5798873391759116e-06,0.20049653947353363,1.0197162628173828,378.71875,0.250540554523468,0.852119505405426,-0.4763840138912201,0.28463783860206604,-0.35630863904953003,0.8522066473960876
650,1,0.3033353090286255,0.24624083936214447,0.1714935153722763,1.5891961311353953e-06,0.18205687403678894,1.0526692867279053,378.734375,0.25538450479507446,0.8555710911750793,-0.46775686740875244,0.28605473041534424,-0.36147600412368774,0.8556439876556396
700,1,0.2861570119857788,0.2375708818435669,0.1665755808353424,1.5980082253008732e-06,0.16607317328453064,1.0856208801269531,378.734375,0.25963661074638367,0.859032154083252,-0.45771321654319763,0.28698205947875977,-0.3663216233253479,0.8590949177742004
750,1,0.27070125937461853,0.22903594374656677,0.1617000252008438,1.6070011952251662e-06,0.1518835574388504,1.1184639930725098,378.734375,0.2632841467857361,0.8624776601791382,-0.4469454884529114,0.28822317719459534,-0.37089836597442627,0.8625302910804749
800,1,0.2566743493080139,0.22071418166160583,0.1568118780851364,1.6168113461390021e-06,0.13918644189834595,1.1514172554016113,378.734375,0.2660925090312958,0.8659002780914307,-0.43552619218826294,0.2895575165748596,-0.3751416504383087,0.8659451603889465
850,1,0.24385744333267212,0.21281638741493225,0.1518830955028534,1.6273663732135901e-06,0.12782573699951172,1.1845877170562744,378.75,0.26812589168548584,0.8692943453788757,-0.4234585762023926,0.290578156709671,-0.379145085811615,0.8693336248397827
900,1,0.23203378915786743,0.20498152077198029,0.14708034694194794,1.6390256405429682e-06,0.11748972535133362,1.2173194885253906,378.75,0.2694323658943176,0.8726370334625244,-0.411011278629303,0.29134055972099304,-0.3828473687171936,0.8726716637611389
950,1,0.22107599675655365,0.19731560349464417,0.142247274518013,1.6515192555743852e-06,0.10804232954978943,1.2504894733428955,378.75,0.27005288004875183,0.8759185075759888,-0.398674339056015,0.2917904555797577,-0.38630548119544983,0.8759487271308899
1000,1,0.21074387431144714,0.19006864726543427,0.13747219741344452,1.6650598126943805e-06,0.09943768382072449,1.2840576171875,378.765625,0.27004387974739075,0.8791291117668152,-0.3866731524467468,0.29215630888938904,-0.38948342204093933,0.8791561722755432
1050,2,0.20120035111904144,0.18253491818904877,0.13264088332653046,1.6797195030449075e-06,0.09139418601989746,1.3173277378082275,380.3125,0.2694803476333618,0.8822565078735352,-0.37427040934562683,0.2922118604183197,-0.3924327492713928,0.8822807669639587
1100,2,0.19201461970806122,0.17543718218803406,0.12783251702785492,1.6954621742115705e-06,0.0839889794588089,1.350477933883667,380.3125,0.268335223197937,0.8852973580360413,-0.36165404319763184,0.292329877614975,-0.39511406421661377,0.8853194117546082
1150,2,0.18341946601867676,0.16834217309951782,0.12318260967731476,1.7123825273301918e-06,0.07715573906898499,1.3836939334869385,380.3125,0.26680710911750793,0.8882381319999695,-0.34870415925979614,0.29220056533813477,-0.3976196050643921,0.8882587552070618
1200,2,0.17536938190460205,0.16157707571983337,0.11878400295972824,1.7304114408034366e-06,0.07097121328115463,1.4168987274169922,380.3125,0.2650343179702759,0.8910766243934631,-0.335594117641449,0.29196709394454956,-0.40048614144325256,0.8910953998565674
1250,2,0.1674337387084961,0.15475764870643616,0.11398210376501083,1.7493393897893839e-06,0.06497590988874435,1.4502503871917725,380.3125,0.26265186071395874,0.8938043117523193,-0.3222227394580841,0.29174041748046875,-0.40407419204711914,0.893821656703949
1300,2,0.1600862443447113,0.14794158935546875,0.10932955145835876,1.769187861100363e-06,0.05946727097034454,1.483919382095337,380.3125,0.26012566685676575,0.8964406251907349,-0.3097269535064697,0.291394978761673,-0.4075164198875427,0.8964528441429138
1350,2,0.15304680168628693,0.14141298830509186,0.10489371418952942,1.7899866406878573e-06,0.05442364513874054,1.517216444015503,380.328125,0.25753524899482727,0.8992085456848145,-0.2970861792564392,0.2918747663497925,-0.41080909967422485,0.8992197513580322
1400,2,0.1462208479642868,0.13497625291347504,0.10033927112817764,1.8116365936293732e-06,0.04966709390282631,1.550511121749878,380.328125,0.2544633746147156,0.9018739461898804,-0.28444236516952515,0.2931900918483734,-0.41402190923690796,0.9018847942352295
1450,2,0.13974589109420776,0.1286897212266922,0.0960271880030632,1.8341946770306095e-06,0.04531118646264076,1.583460807800293,380.34375,0.25131747126579285,0.9044283032417297,-0.2717876136302948,0.2941514551639557,-0.4182426929473877,0.9044382572174072
1500,2,0.13391488790512085,0.12212604284286499,0.09238545596599579,1.8576381535240216e-06,0.041383035480976105,1.6166503429412842,380.359375,0.24847069382667542,0.9068745374679565,-0.25889554619789124,0.2945067882537842,-0.4235593378543854,0.9068830609321594
1550,2,0.1275961846113205,0.1164042055606842,0.08738139271736145,1.8819075648934813e-06,0.03746623173356056,1.6498630046844482,380.375,0.2446066439151764,0.9092053174972534,-0.24624358117580414,0.29578709602355957,-0.4286826252937317,0.9092148542404175
1600,2,0.12188363075256348,0.11060866713523865,0.08348631858825684,1.9068359051743755e-06,0.03405986353754997,1.682893991470337,372.34375,0.24117740988731384,0.9114163517951965,-0.23423831164836884,0.29641786217689514,-0.4335040748119354,0.9114255309104919
1650,2,0.11663268506526947,0.1045416072010994,0.07938116788864136,1.9323822471051244e-06,0.030833499506115913,1.7163431644439697,372.34375,0.23788389563560486,0.9136223793029785,-0.2222723513841629,0.29664066433906555,-0.4382105767726898,0.9136275053024292
1700,2,0.11126600205898285,0.09890653192996979,0.07507545500993729,1.9585672816901933e-06,0.027798950672149658,1.749478816986084,372.34375,0.2342836856842041,0.9158675074577332,-0.21052615344524384,0.29746198654174805,-0.44270312786102295,0.9158730506896973
1750,2,0.10620981454849243,0.09364360570907593,0.07140059024095535,1.9852618606819306e-06,0.025147695094347,1.783315896987915,372.34375,0.23051568865776062,0.9179971814155579,-0.20244254171848297,0.2981094419956207,-0.44685712456703186,0.918003499507904
1800,2,0.10141658037900925,0.08824800699949265,0.06759044528007507,2.012345476032351e-06,0.02264150232076645,1.8171987533569336,372.34375,0.2272941768169403,0.9200079441070557,-0.1987396478652954,0.2983996868133545,-0.4508061110973358,0.9200133681297302
1850,2,0.09697718918323517,0.08258430659770966,0.0634574443101883,2.039364517258946e-06,0.020251590758562088,1.8499515056610107,372.34375,0.22398844361305237,0.9218969941139221,-0.19571737945079803,0.2986186742782593,-0.4545014202594757,0.9219017028808594
1900,2,0.09256723523139954,0.07769087702035904,0.05960898473858833,2.066456090688007e-06,0.018157796934247017,1.883070707321167,372.34375,0.2205674648284912,0.9236637949943542,-0.1937674731016159,0.2989336848258972,-0.45794251561164856,0.9236684441566467
1950,2,0.08837656676769257,0.07256188243627548,0.05629939213395119,2.0937654880981427e-06,0.016245266422629356,1.9162428379058838,372.34375,0.21733132004737854,0.9254806041717529,-0.19130034744739532,0.2992107570171356,-0.4611358046531677,0.9254835247993469
2000,2,0.08432762324810028,0.06817499548196793,0.05272455886006355,2.120803401339799e-06,0.014538856223225594,1.9492640495300293,372.34375,0.2139897495508194,0.9272521734237671,-0.18963545560836792,0.29974544048309326,-0.4641982316970825,0.9272555112838745
2050,3,0.08056101202964783,0.06300542503595352,0.04908972606062889,2.1476723759406013e-06,0.012869561091065407,1.9824841022491455,385.046875,0.2110084891319275,0.9289078116416931,-0.18851983547210693,0.2996378242969513,-0.4681086838245392,0.9289106726646423
2100,3,0.07763151824474335,0.05824786052107811,0.04742870852351189,2.1739949715993134e-06,0.011668948456645012,2.0163512229919434,385.0625,0.20829260349273682,0.9304481744766235,-0.18839401006698608,0.29919785261154175,-0.471738338470459,0.9304495453834534
2150,3,0.07347845286130905,0.05446908250451088,0.04269779846072197,2.1993803329678485e-06,0.010189065709710121,2.049639940261841,385.078125,0.20528604090213776,0.9318733811378479,-0.18804115056991577,0.29983776807785034,-0.4749358594417572,0.931876003742218
2200,3,0.07041410356760025,0.05062073469161987,0.04045465961098671,2.2238880319491727e-06,0.009157183580100536,2.082771062850952,385.078125,0.2027330845594406,0.9333023428916931,-0.18861202895641327,0.29974085092544556,-0.4779394865036011,0.9333034157752991
2250,3,0.067082978785038,0.04652572050690651,0.03691693767905235,2.2474803245131625e-06,0.008027628995478153,2.115999460220337,385.09375,0.2000783234834671,0.9347151517868042,-0.18912936747074127,0.2999579608440399,-0.48058801889419556,0.9347165822982788
2300,3,0.06413298100233078,0.04342786967754364,0.034791767597198486,2.270133109050221e-06,0.007209486328065395,2.1492550373077393,385.09375,0.19751478731632233,0.9360316395759583,-0.19027990102767944,0.2999362349510193,-0.48301589488983154,0.9360323548316956
2350,3,0.061458177864551544,0.04068918898701668,0.03392130136489868,2.2918138711247593e-06,0.006583372596651316,2.1826651096343994,385.109375,0.1951863020658493,0.9372788667678833,-0.19182731211185455,0.30068767070770264,-0.4850730001926422,0.9372809529304504
2400,3,0.05852902680635452,0.03602653741836548,0.029082220047712326,2.312191782039008e-06,0.005569333676248789,2.216492176055908,385.109375,0.19303597509860992,0.9384196400642395,-0.19347532093524933,0.3002084493637085,-0.487235963344574,0.9384204745292664
2450,3,0.056001320481300354,0.03336889669299126,0.0273163840174675,2.33168384511373e-06,0.004995816387236118,2.249706983566284,385.125,0.19100114703178406,0.9394586682319641,-0.1955137997865677,0.30020666122436523,-0.4889693260192871,0.9394593834877014
2500,3,0.0535992868244648,0.03166419640183449,0.02510489523410797,2.3501440864492906e-06,0.0045057605020701885,2.282813549041748,385.140625,0.18904919922351837,0.9404171109199524,-0.19743910431861877,0.3004818260669708,-0.4906025230884552,0.9404176473617554
2550,3,0.05121508985757828,0.027951573953032494,0.02251339890062809,2.3674276690144325e-06,0.003911128733307123,2.316406488418579,385.140625,0.1872270256280899,0.9414393305778503,-0.199564129114151,0.30029502511024475,-0.49205127358436584,0.9414397478103638
2600,3,0.04901373013854027,0.025508122518658638,0.022234031930565834,2.383585069765104e-06,0.0035473620519042015,2.350080728530884,385.15625,0.18569090962409973,0.9423699378967285,-0.2013334482908249,0.3003276288509369,-0.4932580590248108,0.942370593547821
2650,3,0.046940743923187256,0.02409210056066513,0.019552862271666527,2.398753622401273e-06,0.00316617707721889,2.3832406997680664,385.15625,0.18401776254177094,0.943213939666748,-0.2033357173204422,0.30039143562316895,-0.4944915771484375,0.9432142972946167
2700,3,0.044967468827962875,0.021274352446198463,0.018846789374947548,2.412947651464492e-06,0.0028298727702349424,2.416510820388794,385.15625,0.18266047537326813,0.943976104259491,-0.2056400626897812,0.30016934871673584,-0.4954856336116791,0.9439763426780701
2750,3,0.04300052300095558,0.01967061497271061,0.01689349301159382,2.4261548787762877e-06,0.0025213679764419794,2.449918031692505,385.15625,0.18135696649551392,0.9446631669998169,-0.20788604021072388,0.30037006735801697,-0.4964275360107422,0.9446635842323303
2800,3,0.0412525050342083,0.01808566227555275,0.01538645289838314,2.4384055450354936e-06,0.00226560328155756,2.4840505123138428,385.15625,0.18009519577026367,0.9452789425849915,-0.20979823172092438,0.30028384923934937,-0.49727582931518555,0.9452791810035706
2850,3,0.04029516130685806,0.017543014138936996,0.019966747611761093,2.449734665788128e-06,0.0023301285691559315,2.5172150135040283,385.15625,0.1790684163570404,0.9458286762237549,-0.21153348684310913,0.2999561131000519,-0.49802350997924805,0.9458286762237549
2900,3,0.03787943348288536,0.01636466756463051,0.015064292587339878,2.4601008590252604e-06,0.0019295868696644902,2.552276134490967,385.171875,0.1781139373779297,0.9463213682174683,-0.21308782696723938,0.30027931928634644,-0.4985940158367157,0.9463216662406921
2950,3,0.03642602637410164,0.017808698117733,0.013611607253551483,2.4696921627764823e-06,0.0018292812164872885,2.5856215953826904,385.171875,0.177208811044693,0.9468482732772827,-0.21456435322761536,0.30040693283081055,-0.49923765659332275,0.9468485713005066
3000,3,0.034836675971746445,0.014255044050514698,0.013002222403883934,2.478423084539827e-06,0.001585857942700386,2.6191463470458984,385.171875,0.17651699483394623,0.9473247528076172,-0.21579192578792572,0.3003486692905426,-0.5000896453857422,0.9473251104354858
3050,4,0.033979494124650955,0.01443732064217329,0.017672011628746986,2.4864843908289913e-06,0.0016753424424678087,2.652484893798828,397.046875,0.17592768371105194,0.9477540850639343,-0.21732033789157867,0.3005504608154297,-0.5010335445404053,0.9477551579475403
3100,4,0.032093558460474014,0.012415286153554916,0.012184017337858677,2.4937587568274466e-06,0.0013325861655175686,2.6858644485473633,397.046875,0.17519555985927582,0.948142409324646,-0.21858607232570648,0.3002079129219055,-0.5020296573638916,0.9481427073478699
3150,4,0.030958525836467743,0.012799247168004513,0.012657247483730316,2.5004444523801794e-06,0.0012824569130316377,2.719057083129883,397.046875,0.17461742460727692,0.9484906792640686,-0.21985968947410583,0.30008500814437866,-0.5029537081718445,0.9484907388687134
3200,4,0.029649564996361732,0.010946324095129967,0.01128579955548048,2.5064566671062494e-06,0.0011262879706919193,2.7526087760925293,397.046875,0.17424435913562775,0.9488054513931274,-0.22094155848026276,0.3002179265022278,-0.5037307143211365,0.9488056898117065
3250,4,0.028513219207525253,0.01258654985576868,0.013130375184118748,2.5119175006693695e-06,0.0011438316432759166,2.786017894744873,397.046875,0.1739041954278946,0.9490889310836792,-0.2218490093946457,0.3001093864440918,-0.5043966174125671,0.9490891098976135
3300,4,0.029249047860503197,0.012123111635446548,0.022596651688218117,2.5168083084281534e-06,0.0015130852116271853,2.819941759109497,397.046875,0.17392852902412415,0.9493445754051208,-0.22272922098636627,0.3010886311531067,-0.5048534274101257,0.9493463039398193
3350,4,0.026392070576548576,0.01000994723290205,0.011151077225804329,2.521245505704428e-06,0.000921086932066828,2.8535830974578857,397.046875,0.17336292564868927,0.9495723843574524,-0.22362448275089264,0.3002307415008545,-0.5056031942367554,0.9495726823806763
3400,4,0.025561511516571045,0.012713583186268806,0.01026009302586317,2.525229319871869e-06,0.0009202955989167094,2.8870182037353516,397.046875,0.17303653061389923,0.9497782588005066,-0.22417952120304108,0.3003411293029785,-0.506178081035614,0.9497784972190857
3450,4,0.02469298243522644,0.011675679124891758,0.012807582505047321,2.5288036340498365e-06,0.0009100990137085319,2.9205856323242188,397.046875,0.1730404645204544,0.9499629139900208,-0.22478334605693817,0.3001631796360016,-0.506557047367096,0.9499631524085999
3500,4,0.02371654473245144,0.010069514624774456,0.011017782613635063,2.5320462100353325e-06,0.0007852611597627401,2.954240560531616,397.046875,0.1726437509059906,0.9501283168792725,-0.2253463715314865,0.30017217993736267,-0.5071345567703247,0.950128436088562
3550,4,0.02300555817782879,0.010108432732522488,0.01197674311697483,2.5348645067424513e-06,0.0007748784846626222,2.9877865314483643,397.046875,0.17300210893154144,0.9502789974212646,-0.22578471899032593,0.30018150806427,-0.5072993636131287,0.9502796530723572
3600,4,0.022006070241332054,0.009890297427773476,0.010830693878233433,2.537459067752934e-06,0.0006993890274316072,3.0215041637420654,397.046875,0.17274066805839539,0.9504128098487854,-0.226121723651886,0.30007362365722656,-0.5078052878379822,0.9504130482673645
3650,4,0.021256867796182632,0.009411923587322235,0.009793970733880997,2.5397584977326915e-06,0.0006363605498336256,3.0552890300750732,397.046875,0.17273803055286407,0.9505338668823242,-0.22643454372882843,0.29994431138038635,-0.5080977082252502,0.9505341053009033
3700,4,0.020668640732765198,0.010987717658281326,0.012208851985633373,2.5418019049539e-06,0.0006969787646085024,3.088848829269409,397.046875,0.17270243167877197,0.9506423473358154,-0.22676275670528412,0.3002275824546814,-0.5084121227264404,0.9506427049636841
3750,4,0.020246105268597603,0.011641343124210835,0.010421780869364738,2.543594973758445e-06,0.0006540391477756202,3.122232437133789,397.046875,0.17272749543190002,0.9507396221160889,-0.22701871395111084,0.2998826801776886,-0.5087100267410278,0.9507396817207336
3800,4,0.019147749990224838,0.009473891928792,0.008695981465280056,2.5451890905969776e-06,0.0005320110358297825,3.1570069789886475,397.046875,0.1728283315896988,0.9508280754089355,-0.22725771367549896,0.30008795857429504,-0.508932888507843,0.9508283734321594
3850,4,0.020276198163628578,0.011095259338617325,0.018145114183425903,2.546657924540341e-06,0.0008634741534478962,3.1903326511383057,397.046875,0.17245982587337494,0.950904130935669,-0.2274153232574463,0.29973143339157104,-0.5094020962715149,0.9509041905403137
3900,4,0.017991622909903526,0.009494776837527752,0.009941847994923592,2.547894382587401e-06,0.000512689643073827,3.2236268520355225,397.046875,0.17297689616680145,0.9509777426719666,-0.2275528907775879,0.30008721351623535,-0.5092944502830505,0.9509780406951904
3950,4,0.019665705040097237,0.017887147143483162,0.019708046689629555,2.5490251118753804e-06,0.0010950971627607942,3.257209300994873,397.046875,0.1731840968132019,0.9510412216186523,-0.22767943143844604,0.30066728591918945,-0.5095499753952026,0.9510420560836792
4000,4,0.016905488446354866,0.00806574709713459,0.009092318825423717,2.550002591306111e-06,0.00043352210195735097,3.2910094261169434,397.046875,0.1732381135225296,0.9510998129844666,-0.22776661813259125,0.2999745011329651,-0.5096650719642639,0.9511001110076904
4050,5,0.018316280096769333,0.01155348215252161,0.017032340168952942,2.5509093575237785e-06,0.0007590696914121509,3.3244447708129883,397.140625,0.17310942709445953,0.9511489868164062,-0.2279035598039627,0.2994273900985718,-0.5100393295288086,0.9511489868164062
4100,5,0.015949083492159843,0.01037982851266861,0.010298158042132854,2.551640591264004e-06,0.0004681661375798285,3.358034372329712,397.140625,0.17343905568122864,0.9511983394622803,-0.22784775495529175,0.29998236894607544,-0.5099706053733826,0.9511986374855042
4150,5,0.015840791165828705,0.011406810954213142,0.014076035469770432,2.5523565909679746e-06,0.0005791807780042291,3.391679048538208,397.140625,0.17390626668930054,0.9512398838996887,-0.22790823876857758,0.2997513711452484,-0.5099456906318665,0.9512404799461365
4200,5,0.017129503190517426,0.011129208840429783,0.017962690442800522,2.5529916456434876e-06,0.0007399374735541642,3.4252121448516846,397.140625,0.17362098395824432,0.9512763023376465,-0.2280089557170868,0.29933226108551025,-0.5103246569633484,0.9512763023376465
4250,5,0.014633008278906345,0.008575662039220333,0.010002626106142998,2.553494596213568e-06,0.00038771945401094854,3.458639144897461,397.140625,0.1738535463809967,0.9513113498687744,-0.22805733978748322,0.2998945415019989,-0.5103691220283508,0.9513115882873535
4300,5,0.014589178375899792,0.01136036217212677,0.01350830215960741,2.553968670326867e-06,0.0005243761697784066,3.492025375366211,397.140625,0.17419874668121338,0.9513415098190308,-0.22813580930233002,0.2995588779449463,-0.5103681087493896,0.9513417482376099
4350,5,0.014175539836287498,0.009523356333374977,0.01033451221883297,2.5543936317262705e-06,0.0003984424110967666,3.5255141258239746,397.140625,0.17409199476242065,0.9513675570487976,-0.22810934484004974,0.2997047007083893,-0.5106184482574463,0.9513676166534424
4400,5,0.013600662350654602,0.010502316057682037,0.010173797607421875,2.5547828954586294e-06,0.00039878280949778855,3.558953285217285,397.140625,0.17426292598247528,0.9513917565345764,-0.228134885430336,0.2998732328414917,-0.5105497241020203,0.9513919949531555
4450,5,0.013475406914949417,0.012086594477295876,0.010200253687798977,2.5551319140504347e-06,0.00043171754805371165,3.595172882080078,397.140625,0.17445100843906403,0.9514133930206299,-0.22812490165233612,0.30016615986824036,-0.5106461048126221,0.9514137506484985
4500,5,0.012961083091795444,0.00930584967136383,0.00916812103241682,2.5554581952746958e-06,0.00033864297438412905,3.630018472671509,397.140625,0.1746537834405899,0.9514302611351013,-0.2281540185213089,0.29979097843170166,-0.5106964707374573,0.9514305591583252
4550,5,0.013899932615458965,0.015130399726331234,0.015266108326613903,2.555815854066168e-06,0.0006551911938004196,3.666520118713379,397.15625,0.17439642548561096,0.9514437913894653,-0.2282022088766098,0.3001355826854706,-0.510964035987854,0.9514440298080444
4600,5,0.012419261038303375,0.009720154106616974,0.009682211093604565,2.5559916139172856e-06,0.00034246465656906366,3.7002782821655273,397.15625,0.17479954659938812,0.9514577984809875,-0.2281031459569931,0.29977521300315857,-0.5108885169029236,0.9514579772949219
4650,5,0.012115251272916794,0.009655388072133064,0.01158927846699953,2.5562069367879303e-06,0.0003743171982932836,3.734076976776123,397.15625,0.1748744398355484,0.951468825340271,-0.22816242277622223,0.29979559779167175,-0.5109460949897766,0.9514690041542053
4700,5,0.011869817972183228,0.010432965122163296,0.009263202548027039,2.5564136194589082e-06,0.00033554626861587167,3.7708191871643066,397.171875,0.17503957450389862,0.9514774084091187,-0.22816450893878937,0.29990488290786743,-0.5110502243041992,0.9514777064323425
4750,5,0.0122072147205472,0.012181317433714867,0.011903084814548492,2.5565968826413155e-06,0.0004390840185806155,3.804098606109619,397.078125,0.17511285841464996,0.9514830708503723,-0.2282411754131317,0.2997798025608063,-0.5111494064331055,0.9514831900596619
4800,5,0.013973022811114788,0.010671672411262989,0.018784696236252785,2.556720346547081e-06,0.0006619947962462902,3.8384602069854736,397.0,0.1755906194448471,0.9514902234077454,-0.22815260291099548,0.30033737421035767,-0.5109714865684509,0.9514913558959961
4850,5,0.011112116277217865,0.009292984381318092,0.01106601394712925,2.556863819336286e-06,0.0003322953707538545,3.8719711303710938,396.953125,0.17545199394226074,0.9514918327331543,-0.22821708023548126,0.29975852370262146,-0.5111808776855469,0.9514920711517334
4900,5,0.011052737943828106,0.010208645835518837,0.01011139526963234,2.5569843273842707e-06,0.0003286197897978127,3.904228687286377,396.953125,0.17545372247695923,0.951492965221405,-0.22823645174503326,0.2997496724128723,-0.5112202167510986,0.9514931440353394
4950,5,0.013110748492181301,0.013924584724009037,0.017397841438651085,2.5570632260496495e-06,0.000668470689561218,3.9361464977264404,396.953125,0.17580948770046234,0.9514955878257751,-0.2281736433506012,0.30019861459732056,-0.5111087560653687,0.951496422290802
5000,5,0.01062764972448349,0.009685682132840157,0.011739060282707214,2.55714553532016e-06,0.0003445649053901434,3.968050479888916,396.953125,0.1758613884449005,0.9514912962913513,-0.22813765704631805,0.2996748387813568,-0.5111348032951355,0.9514914751052856
5050,6,0.010420975275337696,0.008690024726092815,0.010056961327791214,2.5572082904545823e-06,0.00028525572270154953,4.001681327819824,390.765625,0.17591145634651184,0.9514886140823364,-0.22816842794418335,0.2999264597892761,-0.5113004446029663,0.9514889717102051
5100,6,0.0102589325979352,0.010647092014551163,0.009799237363040447,2.55725581155275e-06,0.0003146313247270882,4.035679578781128,390.765625,0.17599937319755554,0.9514860510826111,-0.22820201516151428,0.2998694181442261,-0.5113089084625244,0.951486349105835
5150,6,0.010977808386087418,0.010407619178295135,0.014254303649067879,2.5573447146598483e-06,0.000432015978731215,4.0694262981414795,390.765625,0.17583492398262024,0.9514780640602112,-0.22825029492378235,0.29960834980010986,-0.5115854144096375,0.9514780640602112
5200,6,0.009768763557076454,0.00982834305614233,0.009939993731677532,2.557352900112164e-06,0.00029082855326123536,4.103245735168457,390.765625,0.17610064148902893,0.9514715075492859,-0.22822566330432892,0.29977503418922424,-0.511449933052063,0.9514716863632202
5250,6,0.009736056439578533,0.009882630780339241,0.010131274349987507,2.557382003942621e-06,0.00029509991873055696,4.1360695362091064,390.765625,0.176183819770813,0.9514652490615845,-0.22828160226345062,0.29979366064071655,-0.5114585161209106,0.9514654278755188
5300,6,0.00999610684812069,0.00995635986328125,0.012804578058421612,2.557399966462981e-06,0.00036300846841186285,4.169433832168579,390.765625,0.17625883221626282,0.951453685760498,-0.22824721038341522,0.2994045615196228,-0.5115326046943665,0.9514537453651428
5350,6,0.009288106113672256,0.01071107666939497,0.010986516252160072,2.5574283881724114e-06,0.00032169962651096284,4.202803373336792,390.765625,0.17636673152446747,0.9514483213424683,-0.22820453345775604,0.2997167110443115,-0.5115075707435608,0.9514485001564026
5400,6,0.009382350370287895,0.008374842815101147,0.00985252857208252,2.5574115625204286e-06,0.00025523878866806626,4.236494541168213,390.765625,0.17653512954711914,0.9514370560646057,-0.22836294770240784,0.29989510774612427,-0.5114942193031311,0.9514374732971191
5450,6,0.008901414461433887,0.009287143126130104,0.009194299578666687,2.5574088340363232e-06,0.0002500213449820876,4.270017385482788,390.765625,0.17658251523971558,0.9514280557632446,-0.22825022041797638,0.2997012734413147,-0.5114957094192505,0.951428234577179
5500,6,0.009802293963730335,0.011646682396531105,0.014644503593444824,2.5573467610229272e-06,0.00044619166874326766,4.303662061691284,390.765625,0.1769363135099411,0.9514192938804626,-0.22822289168834686,0.29948124289512634,-0.511299192905426,0.9514198303222656
5550,6,0.010561992414295673,0.01080548670142889,0.015616982243955135,2.557430661909166e-06,0.0004722043522633612,4.337018251419067,390.765625,0.17660324275493622,0.9514034986495972,-0.22826023399829865,0.2993699312210083,-0.5117065906524658,0.9514034986495972
5600,6,0.008473319932818413,0.00998888723552227,0.009920536540448666,2.5573829134373227e-06,0.00026999207329936326,4.370327472686768,390.765625,0.1767941415309906,0.9513940811157227,-0.22828297317028046,0.2996942400932312,-0.5115581750869751,0.9513943195343018
5650,6,0.00871831551194191,0.010612939484417439,0.0123529564589262,2.557377456469112e-06,0.0003412390360608697,4.40372371673584,390.765625,0.17670705914497375,0.9513778686523438,-0.22822527587413788,0.299770712852478,-0.5116882920265198,0.9513779282569885
5700,6,0.008296314626932144,0.010329498909413815,0.010722552426159382,2.557347670517629e-06,0.0002905005239881575,4.437251567840576,390.765625,0.17694954574108124,0.9513686895370483,-0.22828273475170135,0.2996987998485565,-0.511634111404419,0.9513689279556274
5750,6,0.008136644028127193,0.009332829155027866,0.008232846856117249,2.557323114160681e-06,0.0002210864331573248,4.4709272384643555,390.765625,0.17702291905879974,0.9513542056083679,-0.22824975848197937,0.2995305061340332,-0.5116190314292908,0.9513543248176575
5800,6,0.008006980642676353,0.0083965715020895,0.009677205234766006,2.557305151640321e-06,0.0002282624482177198,4.505062580108643,390.765625,0.1771182417869568,0.9513421654701233,-0.22828611731529236,0.2996753454208374,-0.5116084814071655,0.9513424038887024
5850,6,0.007966876029968262,0.010618934407830238,0.009940283372998238,2.557279913162347e-06,0.0002750421117525548,4.538441181182861,390.765625,0.17710386216640472,0.9513250589370728,-0.22828952968120575,0.2997643053531647,-0.5116860866546631,0.9513252377510071
5900,6,0.009432005695998669,0.011095559224486351,0.013782838359475136,2.5572746835678117e-06,0.00040204080869443715,4.57186484336853,390.765625,0.17713163793087006,0.9513077139854431,-0.2282959520816803,0.29932013154029846,-0.5117833614349365,0.9513077139854431
5950,6,0.0076475064270198345,0.010256377048790455,0.011030559428036213,2.5572289814590476e-06,0.00028535089222714305,4.605463266372681,390.765625,0.1772351711988449,0.9513005018234253,-0.22829683125019073,0.2996464669704437,-0.5116844773292542,0.9513006806373596
6000,6,0.008450580760836601,0.01305346004664898,0.016149282455444336,2.55717895925045e-06,0.0005026044091209769,4.638773679733276,390.765625,0.17759919166564941,0.9512891173362732,-0.22823354601860046,0.2993822991847992,-0.5114709138870239,0.9512893557548523
6050,7,0.007371008396148682,0.008763560093939304,0.009129566140472889,2.557185553087038e-06,0.00021448073675855994,4.672085285186768,391.96875,0.1773800551891327,0.9512720108032227,-0.22833319008350372,0.2995849847793579,-0.5115967392921448,0.9512722492218018
6100,7,0.007401546463370323,0.009210365824401379,0.009271105751395226,2.5571423520887038e-06,0.00022556711337529123,4.704516172409058,391.96875,0.1773499995470047,0.9512560963630676,-0.2283029705286026,0.29947277903556824,-0.5117093920707703,0.9512562155723572
6150,7,0.007579751778393984,0.011685799807310104,0.010744723491370678,2.557113703005598e-06,0.00030945963226258755,4.737913131713867,391.96875,0.17750301957130432,0.9512412548065186,-0.2282516062259674,0.2995169162750244,-0.5117214322090149,0.9512413740158081
6200,7,0.007657376118004322,0.01119880098849535,0.011932257562875748,2.55711211138987e-06,0.0003264273109380156,4.771653652191162,391.96875,0.17744743824005127,0.9512287378311157,-0.2282845377922058,0.2995753884315491,-0.5117749571800232,0.9512287974357605
6250,7,0.006960299331694841,0.010141633450984955,0.01084164809435606,2.5570623165549478e-06,0.0002688398235477507,4.805533170700073,391.984375,0.17755432426929474,0.9512143135070801,-0.22830572724342346,0.299613356590271,-0.5117393732070923,0.9512144327163696
6300,7,0.00787446927279234,0.010362685658037663,0.011423701420426369,2.5570582238287898e-06,0.00029989349422976375,4.839186906814575,391.984375,0.17766639590263367,0.9511988162994385,-0.22830817103385925,0.2992144227027893,-0.5117656588554382,0.9511988759040833
6350,7,0.007034678477793932,0.00923022348433733,0.008411016315221786,2.5569913759682095e-06,0.00020542893616948277,4.872487545013428,392.0,0.1777154952287674,0.95118647813797,-0.22832195460796356,0.29952964186668396,-0.5116405487060547,0.9511866569519043
6400,7,0.0067914617247879505,0.0088893361389637,0.008893130347132683,2.5569611352693755e-06,0.00020423201203811914,4.906266927719116,392.015625,0.17766578495502472,0.9511721134185791,-0.2282891869544983,0.2997351288795471,-0.5117438435554504,0.9511723518371582
6450,7,0.006712987087666988,0.009492838755249977,0.010330070741474628,2.5569431727490155e-06,0.0002418885414954275,4.939876079559326,392.015625,0.17776668071746826,0.9511567950248718,-0.22832904756069183,0.299421489238739,-0.5116596817970276,0.9511569142341614
6500,7,0.0073070521466434,0.010435045696794987,0.01191321574151516,2.5568745058990316e-06,0.00030420790426433086,4.9736244678497314,392.03125,0.17785753309726715,0.951149046421051,-0.22831135988235474,0.29980143904685974,-0.5116398334503174,0.9511494040489197
6550,7,0.006470317952334881,0.010350232012569904,0.009892535395920277,2.5568888304405846e-06,0.0002468545571900904,5.007248163223267,392.03125,0.17784948647022247,0.9511326551437378,-0.2282855361700058,0.29958608746528625,-0.5117406845092773,0.9511327743530273
6600,7,0.006505870725959539,0.009896660223603249,0.010546783916652203,2.5568308501533465e-06,0.00025150488363578916,5.040584564208984,392.03125,0.17794157564640045,0.951117217540741,-0.2283041626214981,0.2992943525314331,-0.511603832244873,0.9511173963546753
6650,7,0.006369171664118767,0.010162285529077053,0.009621435776352882,2.556839717726689e-06,0.00023641041480004787,5.074077606201172,392.03125,0.17789821326732635,0.9511033892631531,-0.22837841510772705,0.29949092864990234,-0.5117712020874023,0.9511034488677979
6700,7,0.006545619573444128,0.010002683848142624,0.009757142513990402,2.5567749162291875e-06,0.00023810064885765314,5.10774302482605,392.03125,0.17807109653949738,0.9510918259620667,-0.2283361256122589,0.29943639039993286,-0.5117021799087524,0.9510919451713562
6750,7,0.006356327794492245,0.009366855025291443,0.00965050421655178,2.556775598350214e-06,0.00022127310512587428,5.141263723373413,392.03125,0.17791850864887238,0.9510775208473206,-0.22838376462459564,0.2995899021625519,-0.5117571353912354,0.9510776996612549
6800,7,0.006623791065067053,0.009836499579250813,0.010107285343110561,2.556731487857178e-06,0.00024278856290038675,5.17552924156189,392.03125,0.1780681014060974,0.9510626196861267,-0.2283414602279663,0.2992730140686035,-0.5117707848548889,0.9510626792907715
6850,7,0.006211066152900457,0.010201731696724892,0.011116843670606613,2.556719664426055e-06,0.0002662368933670223,5.208817481994629,392.03125,0.17804020643234253,0.9510536789894104,-0.22832146286964417,0.29966849088668823,-0.5117104649543762,0.9510539174079895
6900,7,0.005843703635036945,0.008348667062819004,0.008070484735071659,2.556694198574405e-06,0.00016898184549063444,5.242089033126831,392.03125,0.1780872941017151,0.951041042804718,-0.22841638326644897,0.2995685935020447,-0.5117587447166443,0.9510411620140076
6950,7,0.006022284738719463,0.010456490330398083,0.009470880962908268,2.5566323529346846e-06,0.00023530368343926966,5.275719404220581,392.03125,0.1780826896429062,0.9510279893875122,-0.2283114343881607,0.29971376061439514,-0.5118125677108765,0.9510281085968018
7000,7,0.006663245614618063,0.012106643989682198,0.01356478314846754,2.556625986471772e-06,0.00037497299490496516,5.308990955352783,392.03125,0.17824888229370117,0.9510173201560974,-0.2283332347869873,0.299612820148468,-0.5116763710975647,0.9510177373886108
7050,8,0.0069812508299946785,0.009846573695540428,0.013036513701081276,2.5566373551555444e-06,0.0003156435559503734,5.34284520149231,402.09375,0.17819036543369293,0.9509979486465454,-0.2283443957567215,0.2991267740726471,-0.5117979645729065,0.9509979486465454
7100,8,0.005579217337071896,0.008415932767093182,0.008151005022227764,2.5565836949681398e-06,0.00016839447198435664,5.375998497009277,402.09375,0.17820152640342712,0.9509921669960022,-0.2283109724521637,0.29956722259521484,-0.5117831230163574,0.9509923458099365
7150,8,0.005797850899398327,0.009532362222671509,0.009527258574962616,2.5565195755916648e-06,0.00021524965995922685,5.409169435501099,402.09375,0.17826402187347412,0.9509833455085754,-0.22827956080436707,0.29965344071388245,-0.5116900205612183,0.9509835839271545
7200,8,0.007907483726739883,0.014776453375816345,0.016049589961767197,2.5566184831404826e-06,0.0005384612013585865,5.442597389221191,402.09375,0.17809723317623138,0.950963020324707,-0.22837349772453308,0.2995680868625641,-0.5118740200996399,0.9509630799293518
7250,8,0.005619120318442583,0.009902872145175934,0.0113304378464818,2.556495019234717e-06,0.00025802021264098585,5.476099014282227,402.09375,0.17831791937351227,0.9509596824645996,-0.22836263477802277,0.2996912896633148,-0.5117318630218506,0.9509598612785339
7300,8,0.005562138743698597,0.010379123501479626,0.010140528902411461,2.5564834231772693e-06,0.00024149392265826464,5.509552478790283,402.09375,0.17839285731315613,0.9509484171867371,-0.22826741635799408,0.2994004487991333,-0.5117727518081665,0.9509485363960266
7350,8,0.005336668808013201,0.008937635459005833,0.009191478602588177,2.556484787419322e-06,0.0001928446436068043,5.543179750442505,402.09375,0.17838045954704285,0.9509351849555969,-0.22838175296783447,0.2995704114437103,-0.5117791891098022,0.9509353041648865
7400,8,0.005334063898772001,0.009188187308609486,0.01065570767968893,2.5564090719853994e-06,0.0002264191280119121,5.576270580291748,402.09375,0.17843705415725708,0.9509268999099731,-0.2282794564962387,0.2996373772621155,-0.5117040276527405,0.9509270787239075
7450,8,0.005621276330202818,0.008642907254397869,0.010607047006487846,2.5564229417796014e-06,0.00021880802523810416,5.609753847122192,402.09375,0.17845739424228668,0.950914204120636,-0.2283066362142563,0.2993541657924652,-0.5118032097816467,0.950914204120636
7500,8,0.005101725459098816,0.011823028326034546,0.010060290805995464,2.5564013412804343e-06,0.0002670210669748485,5.643338441848755,402.09375,0.17846523225307465,0.9509066939353943,-0.2282436341047287,0.2996137738227844,-0.5117411017417908,0.9509068727493286
7550,8,0.005275934003293514,0.011914627626538277,0.011968828737735748,2.5563579129084246e-06,0.00031304667936638,5.676619529724121,402.09375,0.17852473258972168,0.9508958458900452,-0.22831207513809204,0.29945898056030273,-0.5117213129997253,0.9508959650993347
7600,8,0.005093364045023918,0.010046112351119518,0.010765507817268372,2.5563317649357487e-06,0.0002427628933219239,5.709945201873779,402.09375,0.17857877910137177,0.950886070728302,-0.22834621369838715,0.2994902431964874,-0.511677622795105,0.9508861899375916
7650,8,0.006332807708531618,0.010366098023951054,0.011696879751980305,2.556276967879967e-06,0.0002843774273060262,5.743401527404785,402.09375,0.1785794198513031,0.950875461101532,-0.22833414375782013,0.2997473180294037,-0.5117191076278687,0.9508758187294006
7700,8,0.0049872505478560925,0.010175542905926704,0.01006369013339281,2.556296522016055e-06,0.00022969218844082206,5.77685284614563,402.09375,0.17862817645072937,0.9508665204048157,-0.22831755876541138,0.2994641065597534,-0.5116870403289795,0.9508666396141052
7750,8,0.005176854319870472,0.01084272563457489,0.01015444565564394,2.55628378909023e-06,0.00024747729185037315,5.8103485107421875,402.09375,0.17858277261257172,0.95085608959198,-0.2283189743757248,0.29966849088668823,-0.5117830634117126,0.9508562088012695
7800,8,0.005243986379355192,0.009263192303478718,0.011050887405872345,2.5562517294019926e-06,0.00023542823328170925,5.844681978225708,402.09375,0.17860452830791473,0.9508536458015442,-0.22826942801475525,0.2997593879699707,-0.5117817521095276,0.9508537650108337
7850,8,0.008768020197749138,0.016052255406975746,0.012910211458802223,2.5562110295140883e-06,0.0005012266337871552,5.8780131340026855,402.09375,0.17884980142116547,0.9508336782455444,-0.22834740579128265,0.29919734597206116,-0.5117633938789368,0.9508336782455444
7900,8,0.004726619925349951,0.00861386302858591,0.008709652349352837,2.5562253540556412e-06,0.000172397616552189,5.911179304122925,402.09375,0.17868942022323608,0.9508305191993713,-0.22835977375507355,0.29953908920288086,-0.5117824673652649,0.9508305788040161
7950,8,0.00514770345762372,0.009855224750936031,0.010728058405220509,2.556168283263105e-06,0.00023871554003562778,5.944633960723877,402.09375,0.1786968857049942,0.9508269429206848,-0.22831028699874878,0.29965969920158386,-0.5117165446281433,0.9508271813392639
8000,8,0.004589828196913004,0.00792115181684494,0.008534128777682781,2.5561785150785e-06,0.00015664253442082554,5.978075981140137,402.09375,0.1787721961736679,0.9508155584335327,-0.22833210229873657,0.29935505986213684,-0.5116527080535889,0.9508156776428223
