epoch,total,pde,bc,rmse,rel_rmse
1,4415645.476034815,4415641.434511318,0.04041523497455556,0.539280642134054,1.1208807802065672
100,5110305.684618198,5110149.792087,1.5589253119867255,1.278075772880888,2.65644723274479
200,5333968.393963105,5333599.439756666,3.6895420643843386,1.8199723089030637,3.7827650803206816
300,5174691.534090926,5174037.664889223,6.538692017032451,2.289510773095469,4.758688558675668
400,5681566.861928432,5680900.040759563,6.668211688690378,2.083600416985317,4.330709242199505
500,5090670.591448086,5089785.369489254,8.85221958831591,2.6041773559333135,5.412714862086987
600,4974777.49244949,4974163.986329956,6.135061195340159,1.9524080864442515,4.058029397374973
700,4383055.553314351,4382265.719164934,7.898341494166691,2.285000973872171,4.749315058354979
800,5387783.873569394,5386945.99004254,8.378835268542163,2.302241455916451,4.785148951610368
900,4960428.975466195,4959442.976365166,9.859991010290612,2.3798748892655546,4.946508022460954
1000,4834171.039814832,4831858.449205864,23.12590608967136,3.417991698209424,7.104206793456905
1100,4032033.935488746,4031793.27062078,2.40664867966167,1.1882568457902227,2.469760930272847
1200,3214925.0358361644,3214673.5871330807,2.514487030835002,1.4033766983431364,2.9168819454334343
1300,2226548.965114496,2226267.46733188,2.8149778261628557,1.6562643092141713,3.442502263374012
1400,2465551.3552363706,2464926.8957483885,6.244594879822882,2.2577873270775104,4.692752201711809
1500,2255688.8726799698,2254687.703661207,10.011690187625161,2.806145655145472,5.832500715890439
1600,2081426.054713674,2080708.734170665,7.173205430087666,2.5831114813812834,5.3689299900578815
1700,1744699.1664277,1744599.560311893,0.9960611580708997,1.0989249998750887,2.2840870133482376
1800,1597416.0257353457,1597340.853624709,0.7517211063671629,0.9253386210468386,1.923292242439558
1900,1808256.5130824037,1808005.171386439,2.5134169596473463,1.5735595851538176,3.2706026467575224
2000,1927242.2089413356,1926721.4909204198,5.2071802091577775,2.2118004525145123,4.597169679714622
2100,1531300.4751899352,1530578.9860087694,7.214891811657574,2.5660615907474233,5.333492236089017
2200,1557078.6741930973,1556146.2955311614,9.323786619360279,2.8802625778587574,5.9865508108996455
2300,1758999.5336555566,1757938.6626479544,10.608710076021348,3.0555380070030496,6.3508562289336545
2400,2005885.0956151236,2004627.0621548626,12.580334602610023,3.287094922111477,6.832141250850762
2500,1946644.0226365514,1945187.1340331598,14.568886033915767,3.485761543423676,7.2450646530634195
2600,1708104.6676409796,1706520.206486328,15.844611546516994,3.5459673096608824,7.370200771366956
2700,1630914.1083600873,1629301.9042781838,16.122040819035576,3.6025655322810732,7.487838704146776
2800,1400197.2465149562,1398484.1013655486,17.131451494076053,3.5797568374197875,7.4404314254607815
2900,1531978.2851359725,1530301.9412394753,16.7634389649719,3.5329499498124197,7.3431445276912415
3000,1652279.655763363,1650594.0351711279,16.856205922350437,3.417187023824377,7.1025342986887745
3100,1689978.583197709,1688435.4212137994,15.431619839096292,3.1675899002297183,6.583753172919103
3200,1392287.6776397205,1390967.4081019943,13.202695377262234,2.8945504367082804,6.0162477536850565
3300,1723347.7995227808,1722534.8066147165,8.129929080643057,2.054261492281997,4.269729050732322
3400,1560934.1826649543,1560602.476147008,3.317065179464808,1.0681780935060865,2.2201803686308503
3500,1494144.8115453692,1493995.1384663968,1.4967307897244588,1.0946735101316432,2.2752504025590654
3600,1325484.0753771574,1325067.074840119,4.1700053703833975,2.16717388733707,4.5044145253740435
3700,1413773.712870757,1412907.929830373,8.657830403841386,2.9558831874193796,6.1437262798884555
3800,1484913.7404434346,1483772.878185778,11.408622576567023,3.272108335369796,6.800992020325493
3900,1372335.3994881432,1371003.4787087126,13.319207794306385,3.411806265802714,7.091350533171886
4000,1381829.47119352,1380448.1713163361,13.812998771837911,3.4687090977059434,7.20962158841922
4100,1286019.577828459,1284531.6248824564,14.879529460026596,3.503186478136347,7.281281926389785
4200,1241513.3414724634,1239972.316558311,15.410249141524389,3.50417803312263,7.283342847624125
4300,1493834.1388405485,1492253.8727639013,15.802660766472977,3.5106838364954984,7.296864990624835
4400,1358407.8641595857,1356699.6607604756,17.08203399110146,3.5601675814226508,7.399715666669873
4500,1241273.901617976,1239478.1166954427,17.95784922533147,3.613238183506493,7.510021531969191
4600,1269767.1642031549,1268083.8815267305,16.83282676424364,3.6007214946744437,7.484005919971417
4700,1330098.1295794614,1328316.982379345,17.811472001163352,3.628768579198237,7.542301055244851
4800,1209812.7834099904,1207948.8368008956,18.639466090946737,3.6617535699076655,7.610859500018955
4900,1259203.4732682894,1257345.3816599327,18.58091608356748,3.6438598132451823,7.573667792470726
5000,1575607.7391031152,1573680.1296755017,19.276094276134085,3.6732699503757016,7.634795997114578
5100,1358602.061976748,1356553.6818961406,20.483800806074324,3.722378805997383,7.736867475494473
5200,1614436.5396388567,1612439.211361154,19.973282777026363,3.7463777030457748,7.7867485584520395
5300,1271084.105860822,1269017.7215881092,20.66384272712634,3.7810953098475046,7.858908200683652
5400,1310197.7501636893,1308132.325558631,20.654246050581634,3.776962197305469,7.850317633826912
5500,1217094.0460966057,1215062.127904827,20.319181917787727,3.8157090216371543,7.9308518998364645
5600,1267382.4412170155,1265197.4747754354,21.849664415799904,3.8097074143885017,7.918377715358523
5700,1283051.5568251633,1280935.65811946,21.158987057031045,3.837847892175326,7.976866966098661
5800,1266994.1683948939,1264684.5664014635,23.096019934305033,3.859413210704181,8.021689919435854
5900,1228959.951407208,1226803.7298636842,21.56221543523917,3.8579468581028054,8.018642143714878
6000,1377261.4276109375,1375140.8093653994,21.206182455381796,3.8607029251965352,8.024370557444133
6100,1543908.4517480477,1541738.0199265126,21.704318215351286,3.867808165342091,8.039138614176874
6200,1304784.8829726186,1302523.5670923227,22.613158802958587,3.886399429888923,8.07778007371048
6300,1380073.6219600684,1377601.1027222467,24.725192378216242,3.8902049128002965,8.085689670906262
6400,1263345.9873083332,1261077.0170735684,22.689702347647735,3.879333165531668,8.063093027139399
6500,1161517.3308129846,1159282.0018307734,22.35328982211123,3.8563570214786513,8.01533770966616
6600,1482771.8340245178,1480591.990403276,21.798436212419645,3.8700071678807806,8.043709183725763
6700,1208372.0544125352,1206028.1003461534,23.439540663818835,3.8702917581879235,8.04430069727286
6800,1408448.5942882355,1405947.8588631607,25.007354250747767,3.868748086101282,8.041092215013956
6900,1313901.8321654391,1311571.4138394548,23.30418325984384,3.8318754642164703,7.964453430015188
7000,1161486.6724316955,1159015.960558571,24.707118731244744,3.8347550677936373,7.9704386111103
7100,1248776.0883650489,1246499.2218898938,22.768664751550265,3.798231811780067,7.89452597398286
7200,1434019.990089084,1431750.8989691196,22.69091119964357,3.7748478174098032,7.845922950239293
7300,1197430.4196602986,1195074.7461564234,23.556735038751704,3.766418082562549,7.828401965738285
7400,1167175.9026288907,1164909.3206621767,22.66581966713993,3.7203666796974426,7.732685323344478
7500,1249867.9882565585,1247355.3697112892,25.126185452693974,3.737394133477035,7.768076442895653
7600,1260177.833603883,1257653.6029039826,25.242306999003535,3.761788633521674,7.818779776385579
7700,1488136.829123859,1485743.3681987019,23.934609251571572,3.751082436143041,7.79652722375673
7800,1404338.474181783,1401932.4780221635,24.059961596194213,3.7237035217077623,7.739620862623531
7900,1238485.8123665887,1236075.3134269433,24.104989396453607,3.740352555558378,7.774225446200489
8000,1290799.1755002195,1288489.5002128778,23.096752873415852,3.696871930531876,7.683852098641204
8100,1240563.953229264,1238015.1328332897,25.488203959742606,3.708117878178221,7.707226508154803
8200,1565395.252419632,1563193.6022163818,22.01650203250173,3.6999925473771325,7.690338219541809
8300,1422333.7142139869,1420045.5770745594,22.88137139427478,3.7232182924428243,7.73861232622417
8400,1222064.7636971152,1219859.0637949978,22.056999021174587,3.7196976982009913,7.731294862713964
8500,1201589.6150633926,1199184.2320738973,24.053829894953697,3.7321348964334438,7.757145255569173
8600,1368492.2225721227,1366280.9825771747,22.11239994947915,3.7181843624778685,7.728149433797147
8700,1377309.4214326602,1374984.079204667,23.253422279933655,3.7005233641207473,7.691441508329212
8800,1389286.7336483782,1386779.109956418,25.07623691960232,3.645713344986397,7.577520309957741
8900,1174368.4639682123,1172087.2896401258,22.811743280864857,3.650266723116896,7.586984387902932
9000,1599126.7826839779,1596802.7700343493,23.240126496285985,3.6599912934696928,7.60719665430486
9100,1257691.322309723,1255326.2780924914,23.650442172313824,3.645488132304039,7.577052211258492
9200,1283079.9922141158,1280821.071428939,22.5892078517682,3.6547477732397042,7.596298133966433
9300,1193150.9342670303,1190864.850124449,22.86084142581226,3.6544778422341477,7.595737089396183
9400,1231551.1854552105,1229071.0723373196,24.80113117890892,3.6432225236131828,7.572343202555712
9500,1400834.5425377819,1398317.1151423182,25.174273954637393,3.673213118738148,7.634677874034933
9600,1306308.7523764528,1303821.2392886833,24.87513087769519,3.679669477547118,7.648097247796347
9700,1475556.9219119777,1473132.8608846264,24.240610273513706,3.652839768860877,7.592332396519758
9800,1361204.530933117,1359080.1011165425,21.244298165745004,3.6372944422184816,7.56002183965174
9900,1520464.8875514898,1518292.4460309034,21.72441520586327,3.63969619263361,7.565013815385409
10000,1279034.8593034167,1276713.1903895966,23.216689138199712,3.6308970564048484,7.546725039726396
10100,1403929.5473300866,1401399.6528505879,25.298944794987882,3.6023419668794263,7.487374029277615
10200,1249626.8675422715,1247342.3818125639,22.84485729707585,3.6586489043328383,7.604406533418815
10300,1447621.5602317827,1445197.9107389338,24.23649492848791,3.60100371410067,7.48459250570423
10400,1339404.1916126965,1337159.309360983,22.448822517134996,3.6260126163249127,7.536572858134997
10500,1309653.1426275775,1307219.8981337848,24.332444937928276,3.655019947051105,7.596863840150261
10600,1362831.0905382775,1360366.1829240746,24.649076142029926,3.6245849315551646,7.5336054524957525
10700,1560674.320989864,1558498.4091001758,21.759118896880192,3.6345480696551067,7.554313575751534
10800,1140575.642603543,1138271.8858468633,23.03756756679577,3.6463935807462717,7.578934162281896
10900,1531521.208051342,1529244.1555339375,22.770525174045826,3.639247275795993,7.564080753421225
11000,1210816.8188562312,1208446.7328105357,23.70086045695489,3.6721826334638408,7.632536037210074
11100,1624742.3700426097,1622431.9962578719,23.103737847380007,3.663422018382002,7.614327326752449
11200,1508093.465350642,1505840.3635908128,22.531017598292546,3.6154985669391917,7.5147196801088745
11300,1339583.0423547218,1337168.3144730076,24.147278817141256,3.6442411875363914,7.574460469009957
11400,1203331.3167602075,1201059.8301598353,22.714866003721472,3.6082426596633974,7.4996384656669575
11500,1394982.8816022219,1392807.4595374689,21.754220647530865,3.6085932143529904,7.5003670844662915
11600,1246069.9125886853,1243743.3365236549,23.265760650303477,3.612693983760732,7.5088904269601136
11700,1347010.5597028234,1344551.9882183254,24.585714844978856,3.617702089729671,7.51929964488347
11800,1366089.1283053532,1363642.683348694,24.4644495665933,3.6087853126940583,7.500766355868953
11900,1343417.6770169588,1341223.9895858031,21.936874311557595,3.5916970787266,7.465248906279067
12000,1186791.0798044507,1184640.6305333404,21.504492711104685,3.564972998899402,7.4097036018370686
12100,1505373.9216130748,1503148.5178551946,22.254037578802798,3.5620752301510556,7.403680664906399
12200,1216151.9923941751,1213860.73477672,22.912576174552193,3.575321718151981,7.431213145484079
12300,1286275.1251170766,1284054.8016740012,22.203234430753966,3.5941136602428143,7.470271708070372
12400,1204722.9385501563,1202453.8205147993,22.69118035356977,3.5719712128043355,7.4242492073139745
12500,1259670.8458043453,1257235.2340272132,24.356117771321514,3.5484270538442675,7.375313285638692
12600,1321945.1172487307,1319773.9921939333,21.71125054797343,3.5521403501832904,7.383031275442946
12700,1290987.6995488573,1288706.855750508,22.808437983492844,3.5839464267053116,7.449139377759088
12800,1305699.851642059,1303414.4029584683,22.8544868359062,3.5750123028958662,7.430570033926598
12900,1308356.2647411553,1306275.0625407572,20.812022003981266,3.569975778258865,7.420101748541252
13000,1266085.9392946372,1263791.9866707907,22.93952623846516,3.5881850113349496,7.45794916560506
13100,1456664.9960882089,1454500.404928904,21.64591159304794,3.580161783531975,7.441273095416473
13200,1344483.3794164602,1342087.8082404418,23.955711760183213,3.559930589596303,7.399223085326384
13300,1345704.0914657288,1343398.9544669627,23.051369987660802,3.594191651970407,7.470433811846483
13400,1180129.6561161317,1177943.6119812087,21.860441349231127,3.5853686882318487,7.452095511328456
13500,1498547.523088523,1496174.356925494,23.73166163028957,3.5872816555108527,7.456071564033991
13600,1424044.790525408,1421822.0555835508,22.227349418572214,3.580290575480734,7.441540786130232
13700,1347881.8378073047,1345654.1114630671,22.27726344237607,3.5747828200672522,7.430093059839483
13800,1357910.6328592466,1355608.1212931853,23.025115660612144,3.6016880963508187,7.486014976400509
13900,1363188.30916923,1360917.4770430378,22.70832126192358,3.617362227990198,7.518593251102683
14000,1514085.8740028886,1511699.931542777,23.859424601115073,3.6167525691909743,7.5173260911545166
14100,1384848.9687184454,1382433.4945831567,24.154741352888028,3.617625521577744,7.519140499972333
14200,1294214.2248730748,1291883.1827862076,23.310420868670846,3.642652581925338,7.5711585935899315
14300,1271403.9454154216,1269013.7976103781,23.901478050435934,3.6730196030607405,7.634275656735577
14400,1115669.9909323666,1113308.274508348,23.617164240185232,3.7105464064553706,7.712274140977804
14500,1457678.792404431,1455096.9568245334,25.818355798976025,3.7597215527940135,7.814483402887726
14600,1347959.730555722,1345466.83011451,24.929004412120094,3.7706513431936997,7.837200687791954
14700,1301936.629131983,1299313.3284937898,26.23300638193281,3.80697298836889,7.912694282038627
14800,1165142.273646695,1162614.253757398,25.28019889297009,3.8137736648329956,7.92682931108557
14900,1282744.9578620575,1280055.5866368494,26.89371225207995,3.8166979344989036,7.932907329483721
15000,1324658.2042885644,1321980.5266531531,26.776776354111604,3.7739792807997885,7.844117719498545
15100,1329241.9181548946,1326607.6680664527,26.342500884418197,3.7863747190099235,7.8698813152341485
15200,1334351.497399173,1331826.1289487195,25.253684504534196,3.8175883461350195,7.934758026896937
15300,1172320.9163437942,1169719.801776203,26.011145675911635,3.7952464439220024,7.888320964582357
15400,1399505.5059797305,1396910.1079974386,25.953979822918154,3.7435553936682306,7.780882461859795
15500,1171765.5533438215,1169252.7676093797,25.127857344417485,3.7248101408943515,7.741920941803728
15600,1202616.6692740575,1200219.9456127363,23.967236613212936,3.734397176310847,7.761847345419822
15700,1214033.1768745575,1211523.736895216,25.09439979341603,3.713437778684006,7.718283782908721
15800,1284395.2306993878,1281902.1756431782,24.930550562096577,3.7334773255596434,7.7599354595720325
15900,1300090.2074533473,1297685.4812159643,24.047262373830225,3.7118860917894962,7.715058642080243
16000,1151618.5768235922,1149153.5139393378,24.650628842543384,3.699968957126682,7.690289187820171
16100,1330316.826777333,1328020.2311747575,22.965956025755514,3.637089998317892,7.559596908324899
16200,1411731.282810144,1409262.9117188535,24.683710912903297,3.624194717656872,7.532794403063244
16300,1491789.8802470628,1489439.681240208,23.501990068547503,3.627179982437518,7.538999198220015
16400,1172765.904264011,1170387.2515734292,23.78652690581792,3.640164306974598,7.565986778860745
16500,1299903.84102136,1297501.8706203313,24.01970401028576,3.518473621949938,7.313055856967194
16600,1142788.9665708358,1140413.0754455687,23.758911252671673,3.472213521789923,7.216905442677147
16700,1358216.8188637453,1355905.108120496,23.117107432493523,3.453890499457235,7.178821517604791
16800,1188170.373463403,1185905.8333794675,22.645400839355553,3.43920108417917,7.148289950232932
16900,1270812.8520696114,1268425.256200581,23.875958690302934,3.439748023806127,7.149426750013772
17000,1354323.9819807545,1352095.8841281687,22.280978525858863,3.4273560398474645,7.123670333849959
17100,1422851.3028962158,1420491.9854747765,23.59317421439284,3.45388334056469,7.178806638032943
17200,1305228.948029469,1302971.3979261322,22.575501033367445,3.390388255506994,7.046833756163652
17300,1364845.165022455,1362574.3482038255,22.708168186293896,3.3937337595509964,7.053787299254289
17400,1338687.5271747697,1336456.7526172718,22.307745574977407,3.398711852083621,7.06413413503135
17500,1123355.4389557932,1121159.430712775,21.96008243018072,3.3880866640533687,7.042049958224887
17600,1229685.3143438403,1227585.015285231,21.002990586094466,3.272471503277768,6.8017468553709755
17700,1171628.343600531,1170098.0043923073,15.303392082238366,2.6488896160197912,5.505648131065835
17800,1087487.2913446415,1086744.3833344234,7.429080102180666,1.6543324963055925,3.438487040517853
17900,1043327.634811181,1042987.3097507522,3.4032506042887083,0.996248472400115,2.070676523089177
18000,1040285.9292554286,1040066.6921930565,2.1923706237213207,1.2167690094994295,2.5290227205297438
18100,1004548.7326154561,1004248.4965824402,3.002360330158705,1.707895661394432,3.5498166852043895
18200,1017596.9092640078,1017113.166299559,4.837429644489149,2.1188032000142414,4.403877310592908
18300,1079888.2567565606,1079238.5236229266,6.497331336340246,2.4136562294724073,5.016721658940915
18400,912538.531682378,911718.1473284425,8.20384353935465,2.6093000038948837,5.423362152561139
18500,1023177.3622357732,1022194.8922818649,9.824699539083944,2.799314186378351,5.818301685843029
18600,1075483.9513110688,1074328.982910697,11.54968400371645,2.9550697634718484,6.142035599382403
18700,956078.2078060118,954748.1417445543,13.300660614574701,3.0909560113918406,6.424471629322529
18800,1067905.2129485633,1066469.5004242877,14.357125242754842,3.2027066505667436,6.656742424601346
18900,1165215.8142753043,1163652.1830058915,15.63631269412851,3.278003425632864,6.81324481202094
19000,1006609.9624463746,1004950.7629396163,16.591995067582058,3.3511438337405446,6.96526524683563
19100,1005658.0353463539,1003859.906979181,17.98128367172862,3.429126756650027,7.1273507226421975
19200,804823.2853941317,802891.8562477136,19.31429146418117,3.4745769057242755,7.22181767467899
19300,919555.0191048636,917589.4230044294,19.65596100434188,3.5220283851800307,7.32044433983027
19400,975804.5988678505,973759.3816213376,20.452172465128527,3.576052735273359,7.432732545546561
19500,1073201.1971814472,1071060.8632173263,21.403339641209296,3.6047024957321803,7.492280327066656
19600,917985.1019842643,915749.1015251324,22.360004591319143,3.6377447716468287,7.560957837648995
19700,1035026.7423087937,1032841.3472103748,21.85395098418933,3.6360456374659433,7.557426231473015
19800,1136523.9247255146,1134235.0996265593,22.888250989553818,3.673381619707379,7.63502809891434
19900,905421.2564992004,903234.6645217147,21.865919774857385,3.675852396100432,7.640163543346763
20000,961855.8299176911,959512.1846105179,23.436453071731925,3.6911747827657173,7.6720107252742435
20100,1028578.9343008728,1026273.1486099772,23.05785690895628,3.7166945563258325,7.725052910481489
20200,1238699.4084023973,1236342.4924902192,23.569159121781357,3.7500686480608962,7.7944200916112445
20300,999211.0128457583,996733.0701949734,24.77942650784952,3.768238809978749,7.832186300289472
20400,872688.3547521738,870229.4556510836,24.58899101090148,3.7728258660034353,7.841720376861282
20500,892387.6645105823,889994.4150211286,23.93249489453775,3.7633156469334277,7.821953634022262
20600,1085591.3505062663,1083035.5457724666,25.558047337998424,3.788713637116565,7.874742695649801
20700,966149.9046898053,963743.7746730811,24.061300167242663,3.774258586156993,7.8446982484147325
20800,1151878.1724549914,1149452.9160712261,24.252563837651486,3.7784214360453436,7.853350623571892
20900,1003429.322709751,1000854.2113924455,25.751113173055284,3.7876239752528664,7.872477861823929
21000,904166.1889541805,901691.624781486,24.74564172694417,3.7763280256775724,7.848999524602282
21100,1063038.9847354973,1060488.760903635,25.50223831862143,3.794871672757913,7.887542012471002
21200,1042550.96898375,1039998.6596745203,25.523093092297522,3.8264855211790416,7.953250573682065
21300,964508.4556987104,961919.4716687704,25.88984029940027,3.8303931733983503,7.9613725271254925
21400,1132110.3154568535,1129505.182848358,26.05132608495519,3.832927674389831,7.966640421477352
21500,1070379.8041000946,1067848.0131737383,25.31790926356382,3.835608253914313,7.972211936258445
21600,935253.933919614,932659.8916306553,25.940422889586916,3.8375213284985805,7.9761882119951775
21700,1082490.8904825584,1079894.1348441716,25.96755638386769,3.8522127794838688,8.006724010531522
21800,1045261.7665374859,1042749.5779465585,25.12188590927367,3.841728659533498,7.984933040057879
21900,1009636.339501976,1007080.6334316601,25.55706070315877,3.8458174547514825,7.993431494509912
22000,994663.0739207938,992081.737619122,25.81336301671776,3.8279127235452957,7.956216976658202
22100,992724.0896699043,990191.229017918,25.328606519863325,3.8270686477275424,7.95446258703759
22200,1005622.6798233498,1002971.1608311601,26.51518992189662,3.8229338457560664,7.945868508745725
22300,958083.1349725119,955519.6160790236,25.63518893488331,3.805224108080615,7.909059279873053
22400,1032059.1420195856,1029543.8735793314,25.15268440254137,3.820379497111489,7.940559361563427
22500,1235427.708086858,1232940.6977517013,24.870103351566964,3.807704591135979,7.91421489935048
22600,974072.294737056,971499.4580117066,25.72836725349448,3.814065281255834,7.92743542823129
22700,949439.1879354743,946947.1810812743,24.92006854200031,3.818380620358917,7.9364047482528255
22800,1002999.8194100898,1000352.1852563496,26.47634153740091,3.836410865297329,7.973880143130544
22900,1066826.5177652868,1064193.1505167726,26.333672485141932,3.83103613778912,7.962708911878929
23000,1091667.4086354403,1089136.9812945246,25.304273409157233,3.811049656296667,7.92116753023357
23100,858776.5466345793,856323.5897781806,24.52956856398777,3.772857976024923,7.841787116705299
23200,971803.9783223246,969303.6884583565,25.002898639680005,3.780045243496464,7.856725665100389
23300,927407.0335852199,924920.4214059612,24.866121792587506,3.76394807144117,7.823268111903119
23400,1017317.1334687744,1014811.0776433852,25.060558253891863,3.774179056624547,7.844532948351254
23500,990253.73833585,987793.1750815184,24.605632543315934,3.7570739457199487,7.808980420486736
23600,1059908.3975289322,1057353.1429762722,25.552545526600642,3.742332187131008,7.7783400589054255
23700,991962.9295189915,989430.7861000967,25.321434188948533,3.7584622248468014,7.811865922522732
23800,860988.0476266838,858499.6198104948,24.884278161889988,3.782753262720475,7.862354212582851
23900,919385.5406628317,916968.049308888,24.174913539437075,3.7671989477470276,7.830024973702655
24000,960360.2587248712,957826.8650014874,25.33393723383808,3.758959257500425,7.812898991958299
24100,901408.2790301237,898903.2655086613,25.050135214625037,3.762053747990887,7.819330809910387
24200,1012868.9515210456,1010274.0063321925,25.949451888531765,3.764943499676347,7.825337083584487
24300,958558.5948940188,956092.9513982186,24.656434958002333,3.7507799401965993,7.7958984938043345
24400,1031721.4472299935,1029259.2431296438,24.622041003496296,3.734003205526461,7.761028487397339
24500,955757.0362097599,953334.0545794079,24.22981630352001,3.724602671239529,7.741489721525458
24600,1073512.2869446122,1071068.650770612,24.436361740001704,3.724095632708979,7.740435855135097
24700,892122.055417314,889724.2207721864,23.97834645127663,3.741238612687625,7.776067092884501
24800,1003390.0514035331,1000958.3973606494,24.316540428836962,3.757710686768707,7.81030387018576
24900,888648.2249190307,886239.9265231376,24.082983958931237,3.7550400145337073,7.804752947448025
25000,1049844.5806495745,1047373.7652489002,24.70815400674305,3.7508134914888505,7.795968229292125
25100,935708.7888010923,933285.3361419016,24.23452659190759,3.765473904971911,7.826439517187823
25200,979951.0811504325,977442.1298713,25.089512791324697,3.741273989443204,7.7761406225503125
25300,988213.7387864154,985723.5026324799,24.902361539355116,3.7405041511697688,7.7745405337335765
25400,945609.2634699134,943192.9169267535,24.163465431599445,3.7335474855927244,7.760081285374917
25500,1051358.1810407871,1049003.6812750015,23.544997657857248,3.7420441339025676,7.777741347766533
25600,928398.9009418418,925893.2877275653,25.0561321427644,3.7402489474292726,7.774010099400486
25700,918173.6594940147,915694.0426158095,24.796168782052572,3.736391415961489,7.765992320634739
25800,1039225.6351870773,1036789.1652680478,24.364699190294985,3.7248294548724497,7.7419610854045695
25900,1023617.9573221602,1021172.0029471238,24.45954375036416,3.7277754280290445,7.748084213943292
26000,894998.3951398603,892369.4641224137,26.289310174466546,3.7402703252329284,7.774054532609039
26100,1093944.137337772,1091467.5139929114,24.766233448605853,3.7484466051994776,7.79104871773652
26200,1087983.916973598,1085560.6224840186,24.232944895795118,3.740796439630868,7.775148047693332
26300,1006255.0096759924,1003824.2285912349,24.30781084757533,3.7578660681724285,7.810626826389684
26400,1058049.3268385627,1055497.9962157174,25.51330622845285,3.762276100202412,7.819792963195453
26500,1090946.3009481838,1088560.144296659,23.861566515247354,3.7242927412229805,7.740845540051812
26600,1032444.2693152835,1030004.1584007778,24.401109145056306,3.734516386560929,7.762095120822239
26700,964342.8740011023,961614.0430234753,27.288309776269237,3.843620717682165,7.988865633680156
26800,1014362.658745292,1010958.3813128977,34.04277432394381,4.167001989465825,8.661005191270576
26900,1044303.7710296382,1041071.9086620826,32.31862367555657,3.9862958329241116,8.28541214767259
27000,1131505.993534094,1128125.0180650873,33.809754690066086,3.9845206090408114,8.281722391030334
27100,872583.8482697321,869022.5614180107,35.612868517213315,4.194492612392754,8.718143735596522
27200,907664.9685414133,904455.5185734063,32.09449968007067,3.876997714277813,8.058238852487039
27300,984612.2238735164,980818.6170203693,37.936068531470994,4.259978492283545,8.854254432717108
27400,1239685.4371717067,1236337.006127758,33.484310439486705,3.922407224668463,8.152621338077571
27500,983227.9825240766,979711.2624320899,35.1672009198675,3.968622056223478,8.248677662750215
27600,1018082.0205532046,1014734.9961614866,33.4702439171794,4.023644869878414,8.363041148994865
27700,991493.8366853865,987857.9931394412,36.35843545945216,4.054833141781118,8.427865160487768
27800,1109757.7372205567,1106199.0217274905,35.58715493066261,4.035681209853349,8.388058368393933
27900,992378.6975059764,988641.9519967599,37.36745509216544,4.186217399134092,8.700943920196066
28000,998199.3010230327,994366.0278341051,38.332731889276424,4.277500817557686,8.890674129790956
28100,1025531.6376895679,1021504.7385730129,40.26899116554996,4.2701117287748644,8.875316101052654
28200,974653.2570588805,970755.2364949342,38.98020563946384,4.2165762394448505,8.764043979710591
28300,989413.8988621336,985887.5539571138,35.26344905019848,4.008810480525426,8.332208256781147
28400,1008322.8639205426,1004390.6745911172,39.32189329425418,4.369819805392678,9.082556743457335
28500,1076238.6206230368,1072559.0001059447,36.79620517092119,4.185776300268384,8.700027107683036
28600,1065249.0779683746,1061622.9376780756,36.26140290299006,4.053650558862182,8.4254071926668
28700,1236103.773862452,1232252.2366544544,38.515372079976835,4.230085873544263,8.792123402605748
28800,1001516.5842837475,997604.3259246263,39.1225835912121,4.399914254786907,9.145107273332476
28900,978606.6170057226,974637.2110680477,39.69405937674904,4.360769439260491,9.063745792982168
29000,1115415.9249492756,1111560.5181865387,38.554067627368106,4.272020461376306,8.87928335209108
29100,803416.9479408076,799375.2736846345,40.416742561731205,4.355564567725446,9.052927602950371
29200,1028637.5406460896,1024480.8982864971,41.56642359592501,4.397484938426696,9.140058002499341
29300,907070.7268508314,902863.3886141687,42.07338236662654,4.629707278338978,9.622726092553963
29400,1094703.424628264,1090652.069577139,40.51355051124937,4.390061918868449,9.124629449527346
29500,1143561.7092462636,1139293.4989515122,42.682102947514956,4.474038997702056,9.299173622427741
29600,1140150.813368073,1135885.877756855,42.64935611218068,4.691116669949765,9.750363914872826
29700,898881.4795637716,894833.0362128845,40.48443350887117,4.294917638465451,8.92687453878498
29800,1167241.7194349354,1163121.3428978692,41.20376537066246,4.611906628152945,9.585727904393991
29900,846645.624918809,842547.4067820883,40.98218136720669,4.519485948546109,9.393633927026302
30000,988946.5687889182,984255.2374886983,46.91331300219876,4.945270605023844,10.278616254714072
30100,923014.1189726879,918826.9737929056,41.871451797823426,4.491152738156953,9.334744086587975
30200,1065029.2365892665,1060080.9655907077,49.48270998558624,5.116677343085814,10.634880699013937
30300,923260.4160455362,918332.4216717565,49.279943737796,5.165164153107705,10.735659271803046
30400,902763.0418044392,897276.5565550246,54.864852494145445,5.573129341030826,11.583604297841484
30500,998486.446151969,993075.8407499287,54.10605402040295,5.786333970142763,12.026744570922594
30600,954652.4952921021,946400.5641540703,82.5193113803181,7.904881367664565,16.430090202692078
30700,733792.4203152095,724998.4970240276,87.93923291181862,8.438985720598419,17.540212200505984
30800,567395.9879719635,558879.123976163,85.16863995800487,8.271937769063202,17.193007380567057
30900,553278.6059782082,544416.2575401753,88.62348438032932,8.216195885578985,17.077149326395624
31000,493949.00280350057,484739.19176568027,92.09811037820276,8.23365859971431,17.11344512326879
31100,635254.5166567911,625995.8759302073,92.5864072658382,8.276326285107078,17.202128796955645
31200,661076.9157073962,651443.5347900422,96.33380917354016,8.297797211806357,17.246755559331557
31300,578671.7886105776,568821.8581580529,98.49930452524677,8.338967706811692,17.332327361761653
31400,616490.7432229978,605972.9014215592,105.17841801438578,8.350489964556703,17.356276074624514
31500,595691.4567434542,585558.449362066,101.33007381388259,8.375382187610935,17.408013912436925
31600,595175.059966604,584456.4101737171,107.18649792886866,8.416570928757046,17.49362363899578
31700,602126.1579215504,591483.5958034525,106.42562118097958,8.42051139023963,17.501813785639083
31800,640798.5779942248,630278.4940770227,105.20083917202163,8.475707151665656,17.616536739325078
31900,690434.7065013628,679815.1851650322,106.1952133633068,8.48015304921594,17.625777421681413
32000,618604.4974040915,607637.3464778844,109.67150926207105,8.498207206442904,17.663302517628583
32100,541675.8372188051,530179.5651317972,114.96272087007823,8.503139015936991,17.673553155314533
32200,553954.5670901941,542707.706929159,112.46860161035052,8.542113720761307,17.75456106499756
32300,521826.7091458463,510717.11819327314,111.09590952573146,8.540269947096304,17.750728829418
32400,559077.1365732981,547744.5575360401,113.32579037258101,8.55772621580271,17.787011229634896
32500,592639.8808859327,580591.8480887787,120.48032797154083,8.561953554286466,17.795797642659327
32600,542795.692674677,531172.3471758836,116.23345498793411,8.576575986685658,17.826189987860637
32700,561677.8236502737,550345.4364510904,113.32387199183286,8.540915414337855,17.75207041628165
32800,520972.1375528788,509233.95394062786,117.38183612250941,8.550043899077892,17.77104373425024
32900,564560.8390436152,552896.4679160618,116.64371127553449,8.558718911578271,17.78907452197006
33000,625042.2660636401,612861.7620755374,121.80503988102774,8.568912622802648,17.810261885464445
33100,657124.765759781,645552.4902810546,115.72275478726375,8.561086194255333,17.793994857407164
33200,563561.905282185,551677.1570858152,118.84748196369753,8.550843487094564,17.772705657134075
33300,526228.3982395409,514308.0740341896,119.20324205351322,8.518909001199006,17.70633065927682
33400,591233.9716371039,579884.2381308551,113.49733506248756,8.547165329594751,17.76506070249265
33500,613538.9163910714,601893.151172456,116.45765218615456,8.554792956380838,17.780914526262926
33600,545199.2942372424,533483.2939917189,117.16000245523563,8.538959441684597,17.748004978024916
33700,597855.8615507674,586026.5461557142,118.29315395053189,8.540669865893188,17.751560050229667
33800,563264.7473599379,551278.9023517795,119.8584500815834,8.538090562454084,17.74619903515638
33900,605847.0021113369,593758.1692350848,120.88832876252113,8.54404719069299,17.758579731933114
34000,601753.6426195491,589896.5406179862,118.57102001562838,8.537038279438422,17.744011892293386
34100,613459.8536907984,601917.2259722464,115.42627718552049,8.556507756778732,17.784478694263253
34200,531265.505029262,519565.1425945528,117.00362434709318,8.551896610748647,17.774894547242152
34300,486011.42112812045,474502.39552083315,115.09025607287298,8.542493233532268,17.755349872415398
34400,498607.64988932083,486753.3728516363,118.542770376845,8.52581796723754,17.72069076538604
34500,529620.3370635835,517430.01007555536,121.90326988028163,8.559421080440936,17.790533961677568
34600,632789.9973766508,621043.5866654445,117.46410711206306,8.579688410190807,17.832659079117054
34700,598850.057794853,586630.4520628168,122.19605732036216,8.579489908132892,17.832246497755584
34800,513179.85493704077,501289.4699891397,118.90384947901083,8.595168881786085,17.864834836457458
34900,612240.791899107,600242.94465863,119.97847240477127,8.584263094211764,17.84216744080109
35000,558846.3795814927,546907.0357248562,119.39343856636555,8.601076121925033,17.877112881353728
35100,528342.6759609638,516212.2134358486,121.30462525115269,8.588859074751756,17.85172006674571
35200,606140.4772200129,594219.7949961382,119.2068222387474,8.586819612466934,17.84748109746254
35300,675589.3955837929,663727.5743354618,118.6182124833114,8.5663522990683,17.804940319213557
35400,532730.5615312576,521002.8037681008,117.27757763156772,8.560517390276903,17.792812613140793
35500,538434.2406537049,526105.7404702639,123.2850018344092,8.58234362040268,17.838177864442113
35600,485051.10985288984,472728.8972984246,123.22212554465236,8.58600758775175,17.84579332522451
35700,552603.1902723605,540373.7372749229,122.29452997437609,8.601802946960623,17.878623568274996
35800,602667.4965082743,590681.9492017195,119.85547306554884,8.600707570366152,17.87634685652994
35900,504831.477523412,492848.06347937335,119.83414044038628,8.607806321262101,17.89110142552625
36000,451896.49509483366,440193.1737487937,117.03321346039957,8.609038379257845,17.8936622260068
36100,572684.4684787492,560734.6769795147,119.49791499234503,8.63617354697918,17.95006196593844
36200,528236.5424488742,515914.4887640089,123.22053684865281,8.632779897690638,17.943008354209976
36300,539510.6880476607,527359.8812548317,121.50806792829098,8.630882077010943,17.939063783316925
36400,520425.3722452956,508618.4641742601,118.06908071035538,8.632589745449247,17.942613127724847
36500,577168.9412178106,564723.2708045779,124.45670413232794,8.656509111246509,17.992328907046698
36600,557144.8829687078,545154.2947346607,119.90588234047205,8.62131122190578,17.91917101005685
36700,498762.94723742735,486683.2581927494,120.79689044677966,8.630458192892677,17.938182751208448
36800,559033.3141793911,546989.0342371175,120.44279942273643,8.63460669161514,17.946805297840793
36900,485185.77568074904,472718.76214349916,124.67013537249862,8.640895096291013,17.959875583307472
37000,529185.0668982726,517210.9279103765,119.74138987896129,8.631504021823412,17.940356479423883
37100,504789.0190945564,491987.3175200556,128.0170157450079,8.65235634121946,17.983697482618933
37200,590433.8132665763,578208.5688965695,122.25244370006708,8.623761876751633,17.92426463237707
37300,622963.4027759942,610831.1711685982,121.32231607395904,8.619298558872893,17.914987742321397
37400,562757.4075011725,550394.5081314131,123.62899369759424,8.639436680166348,17.9568443033468
37500,525326.1174328474,512812.38112266746,125.13736310179915,8.629044634474448,17.93524470682321
37600,601382.4793084717,588967.4371597109,124.15042148760698,8.623182082488064,17.923059545089057
37700,609047.2187104038,596652.2774133382,123.94941297065537,8.627973387668568,17.93301814821577
37800,550083.2182252266,537765.3580274198,123.17860197806868,8.643499376096312,17.9652885111079
37900,554819.090322843,542806.0750442144,120.13015278628663,8.658839768165999,17.99717311679985
38000,572762.7790930514,560638.6256793316,121.24153413719829,8.639365210584948,17.956695755681814
38100,558003.6935625747,545579.433943234,124.24259619340677,8.63227870324311,17.94196663459409
38200,600473.1667415688,588270.2745128649,122.02892228703989,8.644772158432414,17.96793395607006
38300,549235.950452807,536708.8115529037,125.27138899903271,8.654747570750526,17.988667590968877
38400,574385.6364126903,561858.7941277587,125.26842284931587,8.629787366313398,17.936788455621294
38500,557208.9717054444,545170.1579595311,120.38813745913306,8.644245429763918,17.9668391642404
38600,633626.8822072662,621591.1930659532,120.35689141312977,8.635783326308715,17.949250902430144
38700,563363.0018828367,551335.466494747,120.27535388089686,8.64860502795555,17.975900475625668
38800,559327.2510377305,547153.3953943014,121.73855643429106,8.650385289907415,17.979600703762326
38900,579420.6874767751,566536.409633034,128.8427784374113,8.673537957839645,18.02772292152458
39000,466036.25179054996,453812.14489257504,122.2410689797489,8.68616300565672,18.053963754852745
39100,563693.0971916245,551420.9474476418,122.72149743982656,8.683711185626782,18.048867710727727
39200,476627.53499035805,464966.90951073763,116.60625479620401,8.67541712263451,18.03162871664652
39300,503870.9611277297,491322.66421514703,125.4829691258266,8.704801590825628,18.092703569067844
39400,617983.9453769113,605508.543737081,124.75401639830288,8.699944795041464,18.08260884542578
39500,558048.7137079164,545917.6480595969,121.31065648319495,8.675345603537588,18.03148006606481
39600,578086.3393962901,565819.8366755175,122.66502720772583,8.654323146474388,17.987785436156322
39700,475878.6847082402,464181.75647285563,116.96928235384581,8.608901859403728,17.893378473042873
39800,498176.02304116404,486605.35294143856,115.70670099725467,8.462268408176406,17.588604660718257
39900,494068.5622976751,482912.8021609606,111.55760136714474,8.350556116511285,17.35641356974055
40000,578029.3223244916,567346.0269132901,106.83295411201442,8.273235231314946,17.1957041220916
40100,589794.537735192,579367.6253387966,104.2691239639539,8.221722188972528,17.088635604180233
40200,438714.20919941366,427646.88774168084,110.67321457732818,8.267794548409883,17.184395804264074
40300,562470.8037261332,551751.8692460216,107.18934480111537,8.27171348253594,17.192541206857072
40400,436420.56578837364,426053.1315913668,103.6743419700686,8.302790421744904,17.257133816243403
40500,527511.0900410152,517339.24665891204,101.71843382103165,8.262251719723906,17.172875179089203
40600,524047.55508284405,513364.77459181333,106.82780491030739,8.225532473539706,17.096555181492644
40700,517902.28970123583,508025.93303651526,98.76356664720566,8.247225625232117,17.141643832733504
40800,526959.7753104616,517111.9348871343,98.47840423327295,8.265477633970775,17.179580157898755
40900,488059.0472824741,477963.7721116033,100.95275170870828,8.29553970248599,17.242063384959557
41000,521213.88963211875,511073.9382475171,101.39951384601619,8.255595897014128,17.159041224800895
41100,552185.0594923425,542178.1739674631,100.06885524879404,8.235034786412328,17.11630549150615
41200,535370.8790239673,525383.0998356569,99.87779188310392,8.241172495282422,17.12906255966229
41300,482036.90110210737,472078.6809826689,99.58220119438457,8.260502078769745,17.169238595899383
41400,545326.3923604074,535379.7823968377,99.46609963569728,8.229139522232128,17.10405233832847
41500,461199.7196069779,451557.9563172,96.41763289777893,8.218390509357556,17.081710794805563
41600,478105.20097844,468189.76766221155,99.15433316228453,8.179194184022585,17.000242252658683
41700,527586.7636952754,517886.8980004172,96.99865694858245,8.199342105624911,17.042119183371028
41800,527932.4180665656,518156.31374948967,97.76104317075925,8.156552603562641,16.953182316906823
41900,518784.0628258201,509517.52618339966,92.66536642420434,8.21415284471819,17.07290291913543
42000,487932.84626476414,477958.05357136705,99.74792693397066,8.194338235954662,17.03171877048425
42100,480072.83971115865,470166.54992740654,99.06289783752123,8.224471057983777,17.094349056882375
42200,520008.00626415515,510611.87456502183,93.96131699133294,8.193862479921515,17.030729923950634
42300,538018.4508609741,528369.8727980888,96.48578062885335,8.18716840800546,17.01681646968249
42400,414051.07292492787,404385.58044526307,96.65492479664786,8.17014427044987,16.9814322428166
42500,377793.2689035776,368035.11600054574,97.58152903031826,8.15465498335825,16.949238162696474
42600,429845.98181489436,420072.88473573304,97.73097079161315,8.167383984402134,16.97569506010124
42700,530843.6334362271,520871.71283941984,99.71920596807264,8.183281980114005,17.008738630452154
42800,555577.2243046866,545917.1843631911,96.60039941495572,8.187031646251478,17.016532213935985
42900,500202.4382723409,489997.93080926174,102.04507463079197,8.195153446177756,17.033413163717572
43000,530791.8211514264,521015.61775651504,97.76203394911339,8.19201384964031,17.02688759402069
43100,559023.6031128599,549180.569780218,98.4303333264199,8.15908651811931,16.958448992369185
43200,440823.1935917837,431279.88744192367,95.43306149860055,8.184334688801982,17.010926658063976
43300,427131.5169277699,417473.764792239,96.57752135530878,8.172510312246057,16.9863499991151
43400,494785.8985570964,485119.174069592,96.66724487504443,8.186078805957804,17.014551760182705
43500,428103.1726588205,418401.97389990283,97.01198758917707,8.200179576834056,17.04385984548453
43600,479878.7510119451,469790.9936105626,100.87757401382474,8.200529797562737,17.0445877701548
43700,493221.41075256624,483213.8404379666,100.0757031459966,8.178922008806275,16.999676543554788
43800,460537.1592722104,450240.93597609486,102.96223296115551,8.20208482848551,17.047819861458997
43900,511218.52913006954,501154.5270825134,100.64002047556191,8.22060548099183,17.086314555704035
44000,530137.0513735608,520242.54045236605,98.94510921194723,8.217397864579873,17.079647608468157
44100,494709.7677517005,484550.79128754867,101.58976464151823,8.19137406087773,17.0255578097278
44200,496803.521992646,486891.62533132423,99.11896661321721,8.160067326842734,16.96048757777584
44300,481597.7227550982,471677.28157241334,99.20441182684851,8.230463916785519,17.106805057941084
44400,500567.5739643767,490383.3240661208,101.84249898255919,8.20470936504533,17.053274892396526
44500,490483.4366972277,480438.4297324024,100.45006964825305,8.195882207451582,17.034927875059626
44600,502118.5067288989,491677.48479793145,104.4102193096747,8.215737040868083,17.076195629605184
44700,513048.0588403405,502870.04543988913,101.78013400451424,8.241856084701473,17.130483382479767
44800,422319.66616769845,412367.67326445197,99.5199290324649,8.232833882883561,17.11173097079886
44900,562761.8014548899,552751.463962906,100.10337491983843,8.28064729863857,17.211109911128954
45000,526693.6597075048,516580.8251574813,101.12834550023494,8.227514085020726,17.10067390938564
45100,479559.02088316757,469765.96370010794,97.9305718305965,8.206547793840224,17.057096018802657
45200,486808.286390408,477057.9527706667,97.50333619741333,8.21920176273449,17.083396963837117
45300,445388.61332925555,434741.10246085725,106.47510868398273,8.238799582747653,17.124130522712463
45400,495707.8276252408,485245.11618033034,104.62711444910457,8.246772149411646,17.1407012950421
45500,479360.67621773283,469099.4757263612,102.61200491371623,8.209606547224814,17.063453558110226
45600,480845.7452098946,470767.81841867394,100.77926791220649,8.247510274292452,17.14223546839758
45700,507266.94193396217,496851.9495562731,104.1499237768902,8.246895975594533,17.140958664540726
45800,513471.2152094047,503171.8739787314,102.99341230673298,8.24689994839239,17.140966921897682
45900,478575.35828822915,468341.83570841287,102.33522579816294,8.258764939383902,17.16562799689396
46000,483003.4273965306,472624.57570197235,103.78851694558247,8.200965475933657,17.045493316310477
46100,629120.6623070408,618741.8446581801,103.78817648860591,8.242614799793804,17.132060352054054
46200,542214.8072228574,532026.8907082346,101.87916514622772,8.218066632531164,17.081037625250612
46300,538449.8169115635,528375.0540336894,100.7476287787405,8.240857866063047,17.128408611017868
46400,525210.7407519841,514764.65261616267,104.46088135821452,8.236605881509997,17.119570971779808
46500,548648.2641446277,538191.4741021096,104.56790042518129,8.209192324679771,17.06259260733026
46600,482536.4432119752,472466.41115479806,100.70032057177161,8.238621054224412,17.123759455823006
46700,516441.5789027126,505879.8361975758,105.61742705136834,8.264170515150978,17.176863345448822
46800,460529.2334188499,450379.21249668335,101.50020922166522,8.244929013128793,17.136870384244755
46900,522343.593281216,511575.14215752674,107.68451123689213,8.284207904623074,17.21851053800502
47000,442285.36524037545,431357.22218215786,109.28143058217586,8.258188631108135,17.164430155140874
47100,525402.9139629104,514820.5239623169,105.8239000059347,8.285838883896007,17.221900485978512
47200,485406.84661698097,475212.4694328132,101.94377184167773,8.283578029843374,17.217201359667545
47300,484923.9146154975,473905.32279783464,110.1859181766285,8.256782106813333,17.161506730998113
47400,457218.15449932154,446627.8388684705,105.90315630851012,8.280748505239956,17.21132026641609
47500,471724.1729565193,461328.42710483156,103.95745851687732,8.249164655260223,17.145674056184777
47600,476235.9358377936,465649.91419810883,105.86021639684758,8.262510657702519,17.173413374939038
47700,476956.2092990518,466489.9515034041,104.66257795647645,8.258338184057505,17.16474099705411
47800,456580.77233040245,445879.41512420255,107.0135720619989,8.292244932565037,17.23521529142335
47900,454970.0417771539,444147.57377395354,108.22468003200393,8.287686973337173,17.22574169178651
48000,525392.0545063097,515274.79849022557,101.1725601608415,8.30450395857982,17.260695357960966
48100,553187.1939127517,542620.2425805152,105.66951332236536,8.27738799773652,17.20433553902548
48200,519273.02949028363,509004.4093857926,102.6862010449103,8.297209692268556,17.245534415262096
48300,420921.73458211875,410704.68232123164,102.17052260887112,8.275306996399653,17.200010231903665
48400,581099.7417449472,570228.6368869751,108.71104857971957,8.310399546332308,17.272949183675227
48500,560614.2058868684,550093.5536381316,105.20652248736776,8.299769522677165,17.250854956148274
48600,486248.43552516523,475911.49486174673,103.36940663418507,8.289339066830326,17.229175525117242
48700,495659.9366244102,484890.31814138097,107.69618483029255,8.311618381873203,17.27548250162748
48800,548182.6210443313,537183.6944936063,109.98926550724977,8.304916089459063,17.261551961268
48900,516657.38391646394,505747.1142427464,109.10269673717579,8.320529381177407,17.29400378177763
49000,440826.5558972747,430202.7881301059,106.23767767168829,8.272270330392876,17.19369860063607
49100,460733.0133497508,449968.39456711255,107.64618782638193,8.295338286676397,17.24164474744105
49200,531594.9621073004,520951.4218497285,106.43540257571942,8.279833290624769,17.20941801665636
49300,524832.5625115213,514143.32311317994,106.89239398341364,8.301614899936414,17.25469052475674
49400,490322.3477166443,479628.06086744333,106.94286849200932,8.312043230746463,17.276365538954103
49500,485200.92721917934,474588.8858798038,106.12041339375564,8.320775188052115,17.294514684969727
49600,557576.3446127052,547079.2483253734,104.97096287331831,8.283951972264992,17.21797858925924
49700,418028.120968773,407271.03793984116,107.5708302893179,8.294930993774734,17.240798199744507
49800,526085.6380822792,515636.13439063873,104.49503691640476,8.307980760008613,17.267921799248953
49900,444848.5855421152,434199.38563013816,106.49199911977063,8.28865872550318,17.22776145337426
50000,513204.5215513884,503164.61583418393,100.39905717204469,8.306218790782427,17.264259592066562
